Workbook

Sheet Index
A1: SEIN PIC | C1: GOAT PIC | E1: FOC TYPE | G1: STATUS | I1: FOC STATUS | K1: TYPE | L1: USEFULL LINK
A2: AKBARI | C2: ABIGAIL | E2: ACCESORIES | G2: AVAILABLE IN AGENCY | I2: RETURN | K2: INT | L2: DASHBOARD | M2: DASHBOARD FOC 2026
A3: ANNELA | C3: ADISTI | E3: APS | G3: EXTENDED | I3: UNRETURN | K3: EXT | L3: OVERDUE SAMPLE | M3: OVERDUE SAMPLE CM
A4: MANDIE | C4: ALIYA | E4: BUDS | G4: GIFT TO KOL | K4: INT | L4: OLIV RAMADAN CAMPAIGN | M4: [INT] Ramadan 2026
A5: RHEINHARD | C5: AUFA | E5: HANDPHONE | G5: LOST | K5: INT | L5: OLD DATA FOC (MBAK LUNA) | M5: https://insidemedia-my.sharepoint.com/:x:/r/personal/dinesh_sharma_wppmedia_com/_layouts/15/Doc.aspx?sourcedoc=%7BF5525DC8-17E5-4A11-A87C-1169ED6ADA3C%7D&file=SAMSUNG%20FOC%20TRACKER.xlsx&action=default&mobileredirect=true
A6: YAYA | C6: CHRISYE | E6: RUGGED | G6: RETURNED TO TCC | K6: INT | L6: SALMA TAB CAMPAIGN | M6: [INT] - Galaxy Tab Series
C7: ISNAINI | E7: TAB
C8: KHALIDA | E8: WEARABLES
C9: LIA
C10: MARTIN
C11: OLIV
C12: REZA
C13: RIZAL
C14: SALMA
C15: SULU
C16: TASHYA
C17: VENNI

Sheet OLD DATA
B1: DATE | C1: CAMP MGMT PIC | D1: FOC CATEGORY | E1: FOC PRODUCT NAME | F1: FOC CAPACITY | G1: FOC COLOUR | H1: FOC IMEI/SN | I1: FOC LOCATION (REMARK) | J1: KOL NAME | K1: FOC STATUS | L1: RETURNED TO GOAT DATE | M1: RETURN METHOD | N1: RECIPIENT NAME (GOAT) | O1: LINK TO SUPPORTING DOC | P1: RETURNED TO CLIENT DATE | Q1: RECEIPIENT (CLIENT) | R1: RETURN METHOD | S1: UPDATED By ( PIC ) | T1: Column2
A2: exp | B2: 45574 | C2: LIA | D2: PHONE | E2: S24 | F2: 512 GB | G2: BLUE | H2: 356789101234567 | I2: LOCKER | K2: RETURNABLE | L2: 45635 | M2: DROP OFF | N2: LUNA | O2: https://insidemedia-my.sharepoint.com/:f:/r/personal/dinesh_sharma_groupm_com/Documents/GROUPM/SAMSUNG/S24%20EXTENDED%20_%20FOC%20DOCUMENT?csf=1&web=1&e=fTUNkO | P2: 46368 | Q2: INDAH | R2: #VALUE!
B3: 45643 | C3: LIA | D3: PHONE | E3: S24 | F3: 256 GB | G3: GRAPHITE | H3: 350009210054786 | I3: WITH KOL | K3: RETURN | O3: EXISTING FOC - 2024 | R3: #VALUE!
B4: 45643 | C4: LIA | D4: PHONE | E4: S24 | F4: 256 GB | G4: GRAPHITE | H4: 350009210062151 | I4: SENT TO CLIENT | K4: RETURN | O4: EXISTING FOC - 2024 | R4: #VALUE!
B5: 45644 | C5: SALMA | D5: PHONE | E5: Galaxy S24 FE | F5: 256 GB | G5: GRAPHITE | H5: 350009210074339 | I5: WITH KOL | J5: Macsson | K5: RETURN | O5: EXISTING FOC - 2024 | R5: #VALUE!
B6: 45643 | C6: LIA | D6: PHONE | E6: S24 | F6: 256 GB | G6: GRAPHITE | H6: 350009210064033 | I6: SENT TO CLIENT | K6: RETURN | O6: EXISTING FOC - 2024 | R6: #VALUE!
B7: 45644 | C7: AUFA | D7: PHONE | E7: Galaxy S24 FE | F7: 256 GB | G7: GRAPHITE | H7: 350009210066285 | I7: SENT TO CLIENT | J7: JKT GO (Ian) | K7: RETURN | L7: 45663 | M7: DELIVERY | O7: EXISTING FOC - 2024 | R7: DEVERY | S7: done
B8: 45643 | C8: LIA | D8: PHONE | E8: S24 | F8: 256 GB | G8: GREY | H8: 350009210024854 | I8: LOCKER | K8: RETURN | O8: EXISTING FOC - 2024 | R8: #VALUE!
B9: 45643 | C9: SALMA | D9: Handphone | E9: Galaxy Z Fold6 | G9: Pink | H9: 359914140006536 | I9: Locker (Dituker untuk Caca Tengker) | K9: Unreturn | R9: #VALUE!
B10: 45643 | C10: SALMA | D10: Handphone | E10: Galaxy Z Fold6 | G10: Pink | H10: 359890570001884 | I10: Locker | K10: Unreturn | R10: #VALUE! | S10: ?
B11: 45643 | C11: SALMA | D11: Handphone | E11: Galaxy Z Fold6 | F11: 256 GB | G11: Pink | H11: 359890570004508 | I11: SENT TO CLIENT | J11: *Udah ditukar dari Caca Tengker | K11: Return | P11: 45680 | Q11: INTAN | R11: #VALUE!
B12: 45643 | C12: SALMA | D12: Handphone | E12: Galaxy Z Fold6 | G12: Pink | H12: 359890570002007 | I12: SENT TO CLIENT | K12: Return | P12: 45680 | Q12: INTAN | R12: #VALUE!
B13: 45643 | C13: SALMA | D13: Handphone | E13: Galaxy Z Fold6 | G13: Navy | H13: 359890570026550 | I13: SENT TO CLIENT | K13: Return | P13: 45680 | Q13: INTAN | R13: #VALUE!
B14: 45643 | C14: SALMA | D14: Handphone | E14: Galaxy Z Flip6 | G14: Blue | H14: 358899540128439 | I14: SENT TO CLIENT | K14: Return | P14: 45996 | Q14: AKBARI | R14: #VALUE!
B15: 45644 | C15: SALMA | D15: Handphone | E15: Galaxy Z Flip6 | F15: 256 GB | G15: Yellow | H15: 355541740043868 | I15: SENT TO CLIENT | K15: Return | R15: #VALUE!
B16: 45643 | C16: SALMA | D16: Handphone | E16: Galaxy Z Flip6 | F16: 256 GB | G16: Silver Shadow | H16: 355541740040054 | I16: SENT TO CLIENT | K16: Return | L16: 45665 | M16: DELIVERY | N16: ABIGAIL | R16: DEVERY | S16: Done
B17: 45643 | C17: SALMA | D17: Handphone | E17: Galaxy Z Flip6 | F17: 256 GB | G17: Silver Shadow | H17: 355735480090556 | I17: WITH KOL | J17: DIDIET MAULANA | K17: Unreturn | R17: #VALUE! | S17: ?
B18: 45643 | C18: SALMA | D18: Handphone | E18: Galaxy Z Flip6 | F18: 256 GB | G18: Mint | H18: 355725480013889 | I18: Locker | K18: Unreturn | R18: #VALUE! | S18: ?
B19: 45643 | C19: SALMA | D19: Handphone | E19: Galaxy Z Flip6 | G19: Yellow | H19: 355541740043934 | I19: SENT TO CLIENT | K19: Return | R19: #VALUE!
B20: 45643 | D20: Handphone | E20: S 24 Ultra | F20: 256 GB | G20: Titanium Black | H20: 352722665255306 | I20: Locker | K20: Unreturn | R20: DEVEUS | S20: Done
B21: 45643 | D21: Handphone | E21: S 24 Ultra | G21: Titanium Yellow | H21: 352722665041466 | I21: Box only, no device | K21: Return | R21: #VALUE!
B22: 45643 | D22: Handphone | E22: S 24 Ultra | G22: Titanium Gray | H22: 353892182010341 | I22: Box only, no device | K22: Return | R22: #VALUE!
B23: 45643 | C23: MARTIN | D23: Handphone | E23: S 24 Ultra | G23: Titanium Gray | H23: 352722665018076 | I23: Box only, no device | K23: Return | R23: #VALUE!
B24: 45643 | D24: Handphone | E24: S24 Base | F24: 512 GB | G24: Marble Gray | H24: 354730495019162 | I24: Locker | K24: Return | R24: DEVER4 | S24: Done
B25: 45643 | C25: DHYFA | D25: Handphone | E25: S24 Base | G25: Cobalt Violet | H25: 354267935002797 | I25: SENT TO CLIENT | K25: Return | R25: #VALUE! | S25: ?
B26: 45643 | C26: DHYFA | D26: Handphone | E26: S24 Base | G26: Onyx Black | H26: 354267935021300 | I26: SENT TO CLIENT | K26: Return | L26: 45665 | M26: DELIVERY | N26: ABIGAIL | P26: 45667 | Q26: AULIA | R26: DELIVERY | S26: ?
B27: 45643 | C27: DHYFA | D27: Handphone | E27: S23 Ultra | G27: Green | H27: 351198920663108 | I27: SENT TO CLIENT | K27: Return | S27: ?
B28: 45643 | C28: DHYFA | D28: Handphone | E28: S23 Ultra | G28: Green | H28: 351198920624563 | I28: SENT TO CLIENT | K28: Return | S28: ?
B29: 45643 | C29: DHYFA | D29: Handphone | E29: S23 Ultra | G29: Green | H29: 351198920624068 | I29: SENT TO CLIENT | K29: Return | S29: ?
B30: 45643 | D30: Handphone | E30: Galaxy S24 FE | G30: Graphite | H30: 350009210002587 | I30: Locker (Ka Martin 11/8/2024) | K30: Unreturn
B31: 45643 | D31: Handphone | E31: Galaxy S24 FE | G31: Graphite | H31: 350009210058175 | I31: Locker (Ka Martin 11/8/2024) | K31: Unreturn
B32: 45643 | D32: Handphone | E32: Galaxy S24 FE | G32: Gray | H32: 350009210023914 | I32: Locker (Ka Martin 11/8/2024) | K32: Unreturn
B33: 45643 | C33: MARTIN | D33: Handphone | E33: Galaxy S24 FE | F33: 256 GB | G33: Graphite | H33: 350009210002413 | I33: SENT TO CLIENT | J33: SALSA OLE | K33: Return | S33: ?
B34: 45643 | C34: MARTIN | D34: Handphone | E34: Galaxy S24 FE | F34: 256 GB | G34: Graphite | H34: 350009210062094 | I34: WITH KOL | J34: MUHAMMAD ALFIAN | K34: Return | S34: ?
B35: 45643 | C35: AUFA | D35: PHONE | E35: Galaxy S24 FE | F35: 256 GB | G35: GRAPHITE | H35: 350009210016744 | I35: SENT TO CLIENT | K35: RETURN | S35: Done
B36: 45643 | D36: Galaxy Watch | E36: Galaxy Watch 6 | G36: Graphite | H36: RFAX10YY4EM | I36: Locker | K36: Return | S36: Done
B37: 45643 | D37: Galaxy Watch | E37: Galaxy Watch 6 | G37: Graphite | H37: RFAW71GBB0A | I37: Locker | K37: Return | S37: Done
B38: 45643 | C38: DHYFA | D38: Galaxy Watch | E38: Galaxy Watch 7 | G38: Silver | H38: RFAX70F1GTV | I38: WITH KOL | K38: Unreturn | S38: ?
B39: 45643 | C39: DHYFA | D39: Galaxy Watch | E39: Galaxy Watch 7 | G39: Green | H39: 2424B75EF785 | I39: WITH KOL | K39: Unreturn | S39: ?
B40: 45643 | D40: Galaxy Watch | E40: Galaxy Watch 7 | G40: Silver | H40: RFAX0F2BEH | I40: Locker | K40: Unreturn | S40: Done
B41: 45643 | D41: TAB | E41: Galaxy Tab S6 Lite | G41: Oxford Gray | H41: RR2X400240M | I41: Box Only, No Device | K41: Return
B42: 45643 | D42: TAB | E42: Galaxy Tab S6 Lite | F42: 128 GB | G42: Oxford Gray | H42: RR2X4001HKP | I42: LOCKER | K42: Unreturn | S42: Done
B43: 45643 | D43: TAB | E43: Galaxy Tab S6 Lite | F43: 128 GB | G43: Oxford Gray | H43: RR2X4001W9Y | I43: LOCKER | K43: Return | S43: Done
B44: 45643 | C44: KHALIDA | D44: TAB | E44: Tab S10 Ultra | G44: Moonstone Gray | H44: RR2X900BKFM | I44: WITH KOL | J44: AYOM | K44: Return | S44: ?
B45: 45643 | D45: APS | E45: Book Cover Keyboard | G45: Black (S10+) | H45: RF7X801KLYYCIS | I45: Locker | K45: Unreturn | S45: Done
B46: 45643 | D46: APS | E46: Book Cover Keyboard | G46: Black (S10 Ultra) | H46: RF7X801CB7WCIS | I46: Locker | K46: Unreturn | S46: Done
B47: 45643 | C47: KHALIDA | D47: APS | E47: Book Cover Keyboard | G47: Black (S10 Ultra) | H47: RF7X8020ZWRCIS | I47: WITH KOL | J47: AYOM | K47: Return | S47: ?
B48: 45643 | D48: APS | E48: Book Cover Keyboard | G48: Black (S10 Ultra) | H48: RF7X801CBBLCIS | I48: Locker | K48: Unreturn | S48: Done
B49: 45643 | C49: DHYFA | D49: Buds | E49: Galaxy Buds 3 | G49: Silver | H49: RFAX706V3TJ | I49: SENT TO CLIENT | K49: Return | S49: ?
B50: 45643 | C50: DHYFA | D50: Buds | E50: Galaxy Buds 3 | G50: White | H50: RFAX701WDCM | I50: SENT TO CLIENT | K50: Return | S50: ?
B51: 45643 | C51: DHYFA | D51: Buds | E51: Galaxy Buds 3 PRO | G51: Silver | H51: RFAX70BNWHW | I51: SENT TO CLIENT | K51: Return | S51: ?
B52: 45643 | C52: DHYFA | D52: Buds | E52: Galaxy Buds 3 PRO | G52: Silver | H52: RFAX60RAKXF | I52: SENT TO CLIENT | K52: Return | S52: ?
B53: 45643 | D53: Wearables | E53: Galaxy Ring Sizing | G53: Black | H53: RF7X702NM7XINB | I53: LOCKER | K53: Return | L53: 45667 | M53: DELIVERY | N53: ABIGAIL
B54: 45643 | D54: TAB | E54: Tab S10 Ultra | G54: Moonstone Gray | H54: RR2X900BW1J | I54: SENT TO CLIENT | K54: RETURN | P54: 45726 | S54: Done
B55: 45643 | D55: TAB | E55: Tab S10 Ultra | G55: Moonstone Gray | H55: RR2X900BRDL | I55: SENT TO CLIENT | K55: RETURN | P55: 45726 | S55: Done
B56: 45643 | D56: APS | E56: Book Cover Keyboard | G56: Black (S10 Ultra) | H56: RF7X801Q2WHCIS | I56: WITH KOL | K56: Unreturn | S56: Done
B57: 45643 | D57: APS | E57: Book Cover Keyboard | G57: Black (S10 Ultra) | H57: RF7X9009NTDCIS | I57: SENT TO CLIENT | K57: RETURN | P57: 45726 | S57: Done
B58: 45643 | D58: APS | E58: Flipsuit Card | G58: Black | H58: GP22SEIN131086 | I58: Locker | K58: Return | S58: Done
B59: 45643 | D59: APS | E59: Flipsuit Card | G59: Black | H59: GP22SEIN130551 | I59: Locker | K59: Return | S59: Done
B60: 45643 | D60: APS | E60: Flipsuit Case | G60: White | H60: RA7WC51Y5PXSMB | I60: SENT TO CLIENT | K60: Return | S60: Done
B61: 45643 | D61: APS | E61: Flipsuit Case | G61: Red (Galaxy S24 FE) | H61: RA7X85079LXSMB | I61: Locker | K61: Unreturn | S61: Done
B62: 45643 | D62: APS | E62: Standing Grip Case | G62: Navy | H62: RA7X802A4LXHCB | I62: Locker | K62: Unreturn | S62: Done
B63: 45643 | D63: APS | E63: Kindsuit Case | G63: Orange | H63: RA7X60M2DAXHCB | I63: Locker | K63: Return | S63: Done
B64: 45643 | D64: TAB | E64: Tab S10 Ultra | G64: Moonstone Gray | H64: RR2X900B6EM | I64: WITH KOL | K64: Unreturn | S64: Done
B65: 45643 | D65: TAB | E65: Tab S10 Ultra | G65: Moonstone Gray | H65: RR2X900AY6X | I65: Locker | K65: Unreturn | S65: Done
B66: 45643 | D66: TAB | E66: Tab S10+ | G66: Moonstone Gray | H66: RR2X9007BCF | I66: Locker | K66: Unreturn | S66: Done
B67: 45643 | D67: APS | E67: Fabric Band | G67: White | H67: RA7X60FY5AXHCB | I67: Locker | K67: Return | S67: Done
B68: 45643 | D68: APS | E68: S Pen Case | G68: Navy | H68: R37X5EA0R61RTB | I68: Locker | K68: Return | S68: Done
B69: 45643 | D69: APS | E69: S Pen Case | G69: Pink | H69: R37X5EA1C31RTB | I69: Locker | K69: Return | S69: Done
... B72: 45643 | D72: APS | E72: Slim Impression Case | G72: Keith Harring Collab | H72: GP22SEIN170565 | I72: Locker | K72: Return | S72: Done
B73: 45643 | D73: APS | E73: Slim Impression Case | G73: Sticky Monster Lab Friends | H73: GP22SEIN170568 | I73: Locker | K73: Return
B74: 45643 | D74: APS | E74: Flipsuit Card | G74: Keith Harring Collab | H74: GP22SEIN131089 | I74: Locker | K74: Unreturn | S74: Done
B75: 45643 | D75: APS | E75: Silicone Case | G75: Yellow | H75: RA7WC014G3XCLB | I75: Locker | K75: Unreturn | S75: Done
B76: 45643 | D76: APS | E76: Silicone Case | G76: Lemon | H76: RA7X802NPEXCLB | I76: Locker | K76: Unreturn | S76: Done
B77: 45643 | D77: APS | E77: Flipsuit Case | G77: Smiley Collab | H77: RA7X1575K4XSMB | I77: Locker | K77: Unreturn | S77: Done
B78: 45643 | D78: APS | E78: Standing Grip Case | G78: Silver | H78: RA7WC04B27XHCB | I78: Locker | K78: Unreturn | S78: Done
B79: 45643 | D79: APS | E79: Silicone Case | G79: Gray (S24 FE) | H79: RA7X8030L1XCLB | I79: Locker | K79: Unreturn | S79: Done
B80: 45643 | D80: APS | E80: Flipsuit Case | G80: Keith Harring Collab | H80: RA7WC51Y6YXSMB | I80: Locker | K80: Unreturn | S80: Done
B81: 45643 | D81: APS | E81: Silicone Case | G81: Gray | H81: RA7X8030L1XCLB | I81: Locker | K81: Unreturn | S81: Done
B82: 45643 | D82: APS | E82: Standing Grip Case | G82: Silver | H82: RA7X9018VRXHCB | I82: Locker | K82: Unreturn | S82: Done
B83: 45643 | D83: APS | E83: Flipsuit Card | G83: Smiley Pink | H83: GP22SEIN131085 | I83: Locker | K83: Unreturn | S83: Done
B84: 45643 | D84: APS | E84: Flipsuit Card | G84: Marvel Collab | H84: GP22SEIN135588 | I84: Locker | K84: Unreturn | S84: Done
B85: 45643 | D85: APS | E85: Slim Impression Case | G85: Smiley Yellow | H85: GP22SEIN170571 | I85: Locker | K85: Unreturn | S85: Done
B86: 45643 | D86: APS | E86: S Pen Case | G86: Pink | H86: RF7X6HACLX1RTB | I86: WITH KOL | J86: YURA | K86: Unreturn | S86: Done
B87: 45643 | D87: APS | E87: Flipsuit Case | G87: Smiley Collab | H87: RA7WC5248PXSMB | I87: Locker | K87: Unreturn | S87: Done
B88: 45643 | D88: APS | E88: Flipsuit Case | G88: Keith Harring Collab | H88: RA7X155V9PXSMB | I88: Locker | K88: Unreturn | S88: Done
B89: 45643 | D89: APS | E89: Flipsuit Case | G89: Paris 2024 Galaxy Z Flip6 | H89: 8800240238179 | I89: Locker | K89: Return | S89: Done
B90: 45643 | D90: APS | E90: Athleisure Band | G90: Pastel Blue | H90: RA7X600SK2XKKB | I90: WITH KOL | J90: VIDI | K90: Unreturn | S90: Done
B91: 45643 | D91: APS | E91: Flipsuit Case | G91: White | H91: 8800240238179 | I91: Locker | K91: Unreturn | S91: Done
B92: 45643 | D92: APS | E92: Flipsuit Case | G92: White | H92: 8800240238179 | I92: Locker | K92: Unreturn | S92: Done
B93: 45643 | D93: APS | E93: Slim Impression Case | G93: Smiley Collab (Z Flip 6) | H93: 8800240236946 | I93: Locker | K93: Unreturn | S93: Done
B94: 45643 | D94: APS | E94: Slim Impression Case | G94: Keith Harring Collab (Z Flip 6) | H94: 8800240236298 | I94: Locker | K94: Unreturn | S94: Done
B95: 45643 | D95: APS | E95: Silicone Case | G95: Navy | H95: RA7X607CSEXHCB | I95: Dikasih ke Jovial | K95: Unreturn
B96: 45643 | D96: APS | E96: Sport Band | G96: Cream | H96: RA7X6007LKXLXB | I96: Locker | K96: Unreturn | S96: Done
B97: 45643 | D97: APS | E97: Slim Impression Case | G97: Smiley Collab (Z Flip 6) | H97: 8800240236601 | I97: Locker | K97: Unreturn | S97: Done
B98: 45643 | D98: APS | E98: Slim Impression Case | G98: Smiley Collab (Z Flip 6) | H98: 8800240236328 | I98: Locker | K98: Unreturn | S98: Done
B99: 45643 | D99: APS | E99: Slim Impression Case | G99: Keith Harring Collab (Z Flip 6) | H99: 8800240236304 | I99: Locker | K99: Unreturn | S99: Done
B100: 45643 | D100: APS | E100: Slim Impression Case | G100: Keith Harring Collab (Z Flip 6) | H100: 8800240236298 | I100: Locker | K100: Unreturn | S100: Done
B101: 45643 | D101: APS | E101: Kindsuit Case | G101: Silver Leather (Z Flip 6) | H101: RA7X60LYAFXHCB | I101: Locker | K101: Unreturn | S101: Done
B102: 45643 | D102: APS | E102: Flipsuit Case | G102: White | H102: 8800240238179 | I102: Locker | K102: Unreturn | S102: Done
...

Sheet OLD DATA Venni
A1: Salma Maharani Putri Zulkarnaen | B1: DATE | C1: CAMP MGMT PIC | D1: FOC CATEGORY | E1: FOC PRODUCT NAME | F1: FOC CAPACITY | G1: FOC COLOUR | H1: FOC IMEI/SN | I1: FOC LOCATION (REMARK) | J1: KOL NAME | K1: FOC STATUS | L1: RETURNED TO GOAT DATE | M1: RETURN METHOD | N1: RECIPIENT NAME (GOAT) | O1: LINK TO SUPPORTING DOC | P1: RETURNED TO CLIENT DATE | Q1: RECEIPIENT (CLIENT) | R1: RETURN METHOD | S1: Column1 | T1: Column2
A2: Audcharaporn Sada | B2: 45849 | C2: SALMA | D2: HANDPHONE | E2: Galaxy Z Fold7 | F2: 256 GB | G2: Silver Shadow | H2: 354312420005291 | I2: locker | J2: ? | K2: NON-RETURNABLE | R2: #VALUE!
A3: Fenny Christien | B3: 45849 | C3: SALMA | D3: HANDPHONE | E3: Galaxy Z Flip7 | F3: 256 GB | G3: Coralred | H3: 354312420005978 | I3: LOCKER | J3: Naura Ayu | K3: NON-RETURNABLE | R3: #VALUE!
A4: Tris Finalia | B4: 45849 | C4: SALMA | D4: HANDPHONE | E4: Galaxy Z Flip7 | F4: 256 GB | G4: Coralred | H4: 354312420003650 | I4: LOCKER | J4: Di Kantor | K4: NON-RETURNABLE | L4: di xaxa | M4: Mau ditarik | R4: #VALUE!
B5: 45849 | C5: SALMA | D5: HANDPHONE | E5: Galaxy Z Flip7 | F5: 256 GB | G5: Coralred | H5: 354312420003726 | I5: KOL | J5: Ziva Magnolya | K5: NON-RETURNABLE
B6: 45849 | C6: SALMA | D6: HANDPHONE | E6: Galaxy Z Flip7 | F6: 256 GB | G6: Coralred | H6: 354312420006034 | I6: KOL | J6: Ariel Tatum | K6: NON-RETURNABLE
B7: 45849 | C7: SALMA | D7: HANDPHONE | E7: Galaxy Z Flip7 | F7: 256 GB | G7: Coralred | H7: 354312420005168 | I7: KOL | J7: KOL (Creator showdown) | K7: NON-RETURNABLE
B8: 45849 | C8: SALMA | D8: HANDPHONE | E8: Galaxy Z Flip7 | F8: 256 GB | G8: Coralred | H8: 354312420004609 | I8: LOCKER | J8: Vannesa Priscilla | K8: NON-RETURNABLE
B9: 45849 | C9: SALMA | D9: HANDPHONE | E9: Galaxy Z Flip7 | F9: 256 GB | G9: Coralred | H9: 354312420005101 | I9: KOL | J9: Febby Rastanti | K9: NON-RETURNABLE
B10: 45849 | C10: SALMA | D10: HANDPHONE | E10: Galaxy Z Flip7 | F10: 256 GB | G10: Coralred | H10: 354312420003460 | I10: LOCKER | J10: Sissy Priscilla | K10: NON-RETURNABLE
B11: 45849 | C11: SALMA | D11: HANDPHONE | E11: Galaxy Z Flip7 | F11: 512 GB | G11: Coralred | H11: 351691180001910 | I11: di kantor | J11: Di kantor | K11: NON-RETURNABLE
B12: 45849 | C12: SALMA | D12: HANDPHONE | E12: Galaxy Z Flip7 | F12: 256 GB | G12: Blue Shadow | H12: 354312420019045 | I12: KOL | J12: KOL (Creator showdown) | K12: NON-RETURNABLE
B13: 45850 | C13: SALMA | D13: HANDPHONE | E13: Galaxy Z Flip7 | F13: 256 GB | G13: Blue Shadow | H13: 354312420026305 | I13: KOL | J13: Zee Asadel | K13: NON-RETURNABLE
B14: 45851 | C14: SALMA | D14: HANDPHONE | E14: Galaxy Z Flip7 | F14: 256 GB | G14: Blue Shadow | H14: 354312420016298 | I14: KOL | J14: Andovi | K14: NON-RETURNABLE
B15: 45849 | C15: SALMA | D15: HANDPHONE | E15: Galaxy Z Flip7 | F15: 256 GB | G15: Blue Shadow | H15: 354312420016223 | I15: KOL | J15: Widiras | K15: NON-RETURNABLE | M15: Mau ditarik
B16: 45849 | C16: SALMA | D16: HANDPHONE | E16: Galaxy Z Flip7 | F16: 256 GB | G16: Blue Shadow | H16: 354312420022171 | I16: KOL | J16: Vidi Aldiano | K16: NON-RETURNABLE | O16: https://drive.google.com/file/d/1zBbkBjvAte6RUTKECKwHptIXuwOewZzk/view?usp=sharing
B17: 45849 | C17: SALMA | D17: HANDPHONE | E17: Galaxy Z Flip7 | F17: 256 GB | G17: Blue Shadow | H17: 354312420023609 | I17: KOL | J17: Sabian | K17: NON-RETURNABLE | L17: udah di Tarik katanya
B18: 45849 | C18: SALMA | D18: HANDPHONE | E18: Galaxy Z Flip7 | F18: 256 GB | G18: Blue Shadow | H18: 354312420023625 | I18: LOCKER - 3 FEB | J18: Di kantor | K18: NON-RETURNABLE | M18: Mau ditarik
B19: 45849 | C19: SALMA | D19: HANDPHONE | E19: Galaxy Z Flip7 | F19: 256 GB | G19: Blue Shadow | H19: 354312420014004 | I19: LOCKER | J19: Dave Hendrik | K19: NON-RETURNABLE
B20: 45849 | C20: SALMA | D20: HANDPHONE | E20: Galaxy Z Flip7 | F20: 256 GB | G20: Jetblack | H20: 354312420000441 | I20: KOL | J20: Jejouw | K20: NON-RETURNABLE
B21: 45849 | C21: SALMA | D21: HANDPHONE | E21: Galaxy Z Flip7 | F21: 256 GB | G21: Jetblack | H21: 354312420001514 | I21: LOCKER | J21: Di Kantor | K21: NON-RETURNABLE
B22: 45849 | C22: SALMA | D22: HANDPHONE | E22: Galaxy Z Flip7 | F22: 256 GB | G22: Jetblack | H22: 354312420001241 | I22: LOCKER | J22: Di Kantor | K22: NON-RETURNABLE
B23: 45849 | C23: SALMA | D23: HANDPHONE | E23: Galaxy Z Flip7 | F23: 256 GB | G23: Jetblack | H23: 354312420001548 | I23: LOCKER | J23: Dikta | K23: NON-RETURNABLE
B24: 45849 | C24: SALMA | D24: HANDPHONE | E24: Galaxy Z Flip7 | F24: 256 GB | G24: Jetblack | H24: 354312420000268 | I24: LOCKER | J24: Di Kantor | K24: NON-RETURNABLE | L24: Nabila Ishma | M24: Mau ditarik
B25: 45849 | C25: SALMA | D25: HANDPHONE | E25: Galaxy Z Flip7 | F25: 256 GB | G25: Mint | H25: 354312420002603 | I25: KOL | J25: Keshya | K25: NON-RETURNABLE | L25: Keshya | M25: Mau ditarik
B26: 45849 | C26: SALMA | D26: HANDPHONE | E26: Galaxy Z Flip7 | F26: 256 GB | G26: Mint | H26: 354312420002165 | I26: KOL | J26: Alegeor | K26: NON-RETURNABLE | O26: https://drive.google.com/file/d/1dfQE8nvwW31BgTKppCggnTFJKRHDp_mh/view?usp=sharing
B27: 45849 | C27: SALMA | D27: HANDPHONE | E27: Galaxy Z Fold7 | F27: 256 GB | G27: Silver Shadow | H27: Marischka Prudence | I27: LOCKER | K27: NON-RETURNABLE
B28: 45849 | C28: SALMA | D28: HANDPHONE | E28: Galaxy Z Fold7 | F28: 256 GB | G28: Silver Shadow | H28: 355626620006257 | I28: KOL | J28: KOL (Creator showdown) | K28: NON-RETURNABLE
B29: 45849 | C29: SALMA | D29: HANDPHONE | E29: Galaxy Z Fold7 | F29: 256 GB | G29: Silver Shadow | H29: 355626620007495 | I29: KOL | J29: Donne | K29: NON-RETURNABLE | L29: Donne | M29: Dikasih
B30: 45849 | C30: SALMA | D30: HANDPHONE | E30: Galaxy Z Fold7 | F30: 256 GB | G30: Silver Shadow | H30: 355626620007164 | I30: KOL | J30: Adib | K30: NON-RETURNABLE | L30: kotak sama hp beda imei | M30: sudah ditarik
B31: 45849 | C31: SALMA | D31: HANDPHONE | E31: Galaxy Z Fold7 | F31: 256 GB | G31: Silver Shadow | H31: 355626620005291 | I31: LOCKER | J31: mau kasi sadam | K31: NON-RETURNABLE
B32: 45849 | C32: SALMA | D32: HANDPHONE | E32: Galaxy Z Fold7 | F32: 256 GB | G32: Silver Shadow | H32: 355626620007362 | I32: KOL | J32: Galang | K32: NON-RETURNABLE
B33: 45849 | C33: SALMA | D33: HANDPHONE | E33: Galaxy Z Fold7 | F33: 256 GB | G33: Blue Shadow | H33: 355626620017056 | I33: KOL | J33: Nita Vior | K33: NON-RETURNABLE | O33: https://drive.google.com/file/d/1Xg1hwUjowl4h-w1bdd-E2LHovkXMUM0D/view?usp=sharing
B34: 45849 | C34: SALMA | D34: HANDPHONE | E34: Galaxy Z Fold7 | F34: 256 GB | G34: Blue Shadow | H34: 355626620015407 | I34: KOL | J34: Omara | K34: NON-RETURNABLE
B35: 45849 | C35: SALMA | D35: HANDPHONE | E35: Galaxy Z Fold7 | F35: 256 GB | G35: Blue Shadow | H35: 355626620018500 | I35: KOL | J35: Darius | K35: NON-RETURNABLE
B36: 45849 | C36: SALMA | D36: HANDPHONE | E36: Galaxy Z Fold7 | F36: 256 GB | G36: Blue Shadow | H36: 355626620019656 | I36: KOL | J36: Afif Yulistian | K36: NON-RETURNABLE
B37: 45849 | C37: SALMA | D37: HANDPHONE | E37: Galaxy Z Fold7 | F37: 256 GB | G37: Blue Shadow | H37: 355626620016280 | I37: KOL | J37: Hyperlocal | K37: NON-RETURNABLE
B38: 45849 | C38: SALMA | D38: HANDPHONE | E38: Galaxy Z Fold7 | F38: 512 GB | G38: Blue Shadow | H38: 356335510003130 | I38: KOL | J38: Bryan Domani | K38: NON-RETURNABLE
B39: 45849 | C39: SALMA | D39: HANDPHONE | E39: Galaxy Z Fold7 | F39: 512 GB | G39: Blue Shadow | H39: 356335510003817 | I39: LOCKER | J39: Rifat Sungkar | K39: NON-RETURNABLE
B40: 45849 | C40: SALMA | D40: HANDPHONE | E40: Galaxy Z Fold7 | F40: 512 GB | G40: Blue Shadow | H40: 356335510003924 | I40: KOL | J40: Arief Muhammad | K40: NON-RETURNABLE | O40: https://drive.google.com/file/d/1xklgfwtw0_zj4Wooe3FGO6QmoscSK9xN/view?usp=sharing
B41: 45849 | C41: SALMA | D41: HANDPHONE | E41: Galaxy Z Fold7 | F41: 256 GB | G41: Blue Shadow | H41: 355626620013220 | I41: KOL | J41: KOL (Creator showdown) | K41: NON-RETURNABLE
B42: 45849 | C42: SALMA | D42: HANDPHONE | E42: Galaxy Z Fold7 | F42: 256 GB | G42: Blue Shadow | I42: KOL | J42: Reynold Poernomo | K42: NON-RETURNABLE | O42: https://drive.google.com/file/d/1SSGD7SXz2ZjKce6Tw1Ydgu7HW7QZOcVh/view?usp=sharing
B43: 45849 | C43: AUFA | D43: HANDPHONE | E43: GALAXY FOLD 7 | F43: 256GB | G43: MINT | H43: 355626620012099 | I43: SEIN | J43: Sudah dikembalikan | K43: RETURN | N43: `
B44: 45849 | C44: AUFA | D44: HANDPHONE | E44: GALAXY FOLD 7 | F44: 256GB | G44: Blue Shadow | H44: 355626620019516 | I44: SEIN | J44: Sudah dikembalikan | K44: RETURN
B45: 45849 | C45: AUFA | D45: HANDPHONE | E45: GALAXY FOLD 7 | F45: 256GB | G45: Blue Shadow | H45: 355626620013626 | I45: SEIN | J45: Sudah dikembalikan | K45: RETURN
B46: 45849 | C46: AUFA | D46: HANDPHONE | E46: GALAXY FOLD 7 | F46: 256GB | G46: Blue Shadow | H46: LOCKER | J46: KANTOR | K46: RETURN
B47: 45849 | C47: AUFA | D47: HANDPHONE | E47: GALAXY FOLD 7 | F47: 256GB | G47: Blue Shadow | H47: 355626620013402 | I47: SEIN | J47: Sudah dikembalikan | K47: RETURN
B48: 45849 | C48: AUFA | D48: HANDPHONE | E48: GALAXY FOLD 7 | F48: 256GB | G48: Jet Black | H48: 355626620002322 | I48: SEIN | J48: Sudah dikembalikan | K48: RETURN
B49: 45849 | C49: AUFA | D49: HANDPHONE | E49: GALAXY FOLD 7 | F49: 256GB | G49: Jet Black | H49: 355626620002728 | I49: KOL | J49: Jennifer Bachdim | K49: RETURN | L49: Jennifer | M49: Mau ditarik
B50: 45849 | C50: SALMA | D50: HANDPHONE | E50: Galaxy Z Fold7 | F50: 512 GB | G50: Silver Shadow | H50: 356335510008717 | I50: KOL | J50: Kantor | K50: NON-RETURNABLE | L50: hp adib beda imei kotak sama hp
B51: 45849 | C51: SALMA | D51: HANDPHONE | E51: Galaxy Z Fold7 | F51: 512 GB | G51: Jetblack | H51: 356335510002660 | I51: LOCKER | J51: Gio | K51: NON-RETURNABLE
B52: 45849 | C52: SALMA | D52: HANDPHONE | E52: Galaxy Z Fold7 | F52: 512 GB | G52: Jetblack | H52: 356335510022486 | I52: LOCKER | K52: NON-RETURNABLE
B53: 45849 | C53: SALMA | D53: HANDPHONE | E53: Galaxy Z Fold7 | F53: 256 GB | G53: Silver Shadow | H53: 355626620005416 | I53: KOL | J53: Reza Rahadian | K53: NON-RETURNABLE
B54: 45854 | C54: AUFA | D54: HANDPHONE | E54: GALAXY Z-FLIP 7 | F54: 256GB | G54: Blue Shadow | H54: 354312420025166 | I54: KOL | J54: sudah dikembalikan | K54: RETURN
B55: 45854 | C55: AUFA | D55: HANDPHONE | E55: GALAXY Z-FLIP 7 | F55: 256GB | G55: Blue Shadow | H55: 354312420025398 | I55: KOL | J55: Tiara (Gemini) | K55: RETURN
B56: 45854 | C56: AUFA | D56: HANDPHONE | E56: GALAXY Z-FLIP 7 | F56: 256GB | G56: Blue Shadow | H56: 354312420025786 | I56: KOL | J56: Thessa | K56: RETURN | L56: Extend | M56: Mau Ditarik
B57: 45854 | C57: AUFA | D57: HANDPHONE | E57: GALAXY Z-FLIP 7 | F57: 256GB | G57: Coralred | H57: 354312420005580 | I57: LOCKER | J57: Di Kantor | K57: RETURN | L57: Extend | M57: Mau Ditarik
B58: 45854 | C58: AUFA | D58: HANDPHONE | E58: GALAXY Z-FLIP 7 | F58: 256GB | G58: Coralred | H58: 354312420005721 | I58: LOCKER | J58: sudah dikembalikan | K58: RETURN
B59: 45854 | C59: AUFA | D59: HANDPHONE | E59: GALAXY Z-FLIP 7 | F59: 256GB | G59: Mint | H59: 354312420002629 | I59: LOCKER | J59: Sudah dikembalikan | K59: RETURN | L59: Millenial Cindy | M59: Mau Ditarik
D60: HANDPHONE | E60: GALAXY Z-FLIP 7 | F60: 256GB | G60: Blue Shadow | H60: 350798022213826 | I60: KOL | J60: WIDIRAS | K60: RETURN | L60: EXTEND
D61: HANDPHONE | E61: Galaxy Z Fold7 | G61: BLUE SHADOW | H61: 350966321030114 | I61: LOCKER | J61: Di Kantor | K61: RETURN | L61: EXTEND
B62: 45854 | C62: AUFA | D62: HANDPHONE | E62: GALAXY Z-FOLD7 | F62: 256GB | G62: Blue Shadow | H62: 350966321026294 | I62: LOCKER | J62: Di Kantor | K62: Return | L62: EXTEND
D63: HANDPHONE | E63: Galaxy Z Fold7 | G63: BLUE SHADOW | I63: KOL | J63: galaxy way prod | K63: RETURN | L63: US
D64: HANDPHONE | E64: Galaxy Z Fold7 | G64: BLUE SHADOW | H64: 350966321030650 | I64: KOL | J64: Kevin (Makassar) | K64: RETURN | L64: US
B65: 45849 | C65: SALMA | D65: HANDPHONE | E65: Galaxy Z Flip7 | F65: 512 GB | G65: Blue Shadow | H65: 351691180017171 | I65: KOL | J65: Prilly | K65: NON-RETURNABLE | L65: tukar yg mint
B66: 45866 | C66: SALMA | D66: HANDPHONE | E66: Galaxy Z Fold7 | G66: Silver Shadow | H66: 356335510136922 | I66: KOL | J66: JOVIAL | K66: UNRETURN
B67: 45867 | C67: HAMIDAH | D67: HANDPHONE | E67: GALAXY Z-FLIP 7 | F67: 512 GB | G67: Coralred | H67: 354312420005168 | I67: KOL | J67: Nona | K67: RETURN
D68: HANDPHONE | E68: GALAXY Z-FLIP 7 | F68: 256 GB | G68: Blue Shadow | H68: 354312420019045 | I68: KOL | J68: Nona | K68: RETURN
D69: HANDPHONE | E69: Galaxy Z Fold7 | F69: 256 GB | G69: Blue Shadow | H69: 355626620013220 | I69: KOL | J69: Nona | K69: RETURN
D70: HANDPHONE | E70: Galaxy Z Fold7 | F70: 256 GB | G70: Silver Shadow | H70: 355626620006257 | I70: KOL | J70: Nona | K70: RETURN
D71: HANDPHONE | E71: GALAXY Z-FLIP 7 | F71: 512 GB | G71: Mint | H71: 351691180034010 | I71: KOL | J71: Nona | K71: UNRETURN
D72: HANDPHONE | E72: Galaxy Z Fold7 | F72: 512 GB | G72: Jetblack | H72: 356335510022486 | I72: KOL | J72: Nona | K72: UNRETURN
D73: HANDPHONE | E73: GALAXY Z-FLIP 7 | F73: 512 GB | G73: Coralred | H73: 351691180097355 | I73: KOL | J73: Nona | K73: UNRETURN
D74: HANDPHONE | E74: Galaxy Z Fold7 | F74: 512 GB | G74: Mint | H74: 356335510198146 | I74: KOL | J74: Nona | K74: UNRETURN
D75: HANDPHONE | E75: GALAXY Z-FLIP 7 | G75: Mint | H75: 354312420002603 | I75: KOL | J75: Nona | K75: RETURN
B76: 45854 | C76: SALMA | D76: HANDPHONE | E76: Galaxy Z Flip7 | G76: Blue Shadow | H76: 351691180030836 | I76: LOCKER | J76: pevita | K76: Dari Mindshare
B77: 45854 | C77: SALMA | D77: HANDPHONE | E77: Galaxy Z Fold7 | G77: Blue Shadow | H77: 356335510081367 | I77: LOCKER | J77: Iwet Ramadhan (DVET) | K77: UNRETURN
D78: HANDPHONE | E78: Galaxy Z Fold7 | F78: 256 GB | G78: Blue Shadow | H78: 355626620132798 | I78: KANTOR | J78: Tito | K78: UNRETURN
D79: HANDPHONE | E79: Galaxy Z Fold7 | G79: Blue Shadow | H79: 350966321021204 | I79: KOL | J79: Marischa Prue | K79: RETURN | L79: EXTEND
B80: 45975 | C80: HAMIDAH | D80: HANDPHONE | E80: Galaxy Z Flip7 | F80: 256GB | G80: Jet Black | H80: 354312420001548 | I80: KOL | J80: Luna Maya | K80: UNRETURN
E81: FOC US FOLD MARISCHKA 350966321030650 | I81: Dari US

Sheet Mindshare DATA
B1: Serial number wih Check digit | C1: 2nd IMEI no | D1: Material Number | E1: Reference Name1 | F1: Validate | G1: Device name
B2: 351690530003519 | C2: 352380640003513 | D2: SM-S942BZVCXID | E2: REDCOMM INDONESIA | F2: =IFERROR(IF(ISNUMBER(MATCH(B2,'Step 1 Data Bank'!E:E, 0)), "Find", "Not Find"),"") -> Not Find | G2: {=XLOOKUP(B2,'Step 1 Data Bank'!E:E,'Step 1 Data Bank'!F:F)} -> #N/A
B3: 351690530003956 | C3: 352380640003950 | D3: SM-S942BZVCXID | E3: MINDSHARE | F3: =IFERROR(IF(ISNUMBER(MATCH(B3,'Step 1 Data Bank'!E:E, 0)), "Find", "Not Find"),"") -> Not Find | G3: {=XLOOKUP(B3,'Step 1 Data Bank'!E:E,'Step 1 Data Bank'!F:F)} -> #N/A
B4: 351690530004327 | C4: 352380640004321 | D4: SM-S942BZKCXID | E4: MINDSHARE | F4: =IFERROR(IF(ISNUMBER(MATCH(B4,'Step 1 Data Bank'!E:E, 0)), "Find", "Not Find"),"") -> Not Find | G4: {=XLOOKUP(B4,'Step 1 Data Bank'!E:E,'Step 1 Data Bank'!F:F)} -> #N/A
B5: 351690530004418 | C5: 352380640004412 | D5: SM-S942BZKCXID | E5: MINDSHARE | F5: =IFERROR(IF(ISNUMBER(MATCH(B5,'Step 1 Data Bank'!E:E, 0)), "Find", "Not Find"),"") -> Not Find | G5: {=XLOOKUP(B5,'Step 1 Data Bank'!E:E,'Step 1 Data Bank'!F:F)} -> #N/A
B6: 351690530004806 | C6: 352380640004800 | D6: SM-S942BZKCXID | E6: REDCOMM INDONESIA | F6: =IFERROR(IF(ISNUMBER(MATCH(B6,'Step 1 Data Bank'!E:E, 0)), "Find", "Not Find"),"") -> Not Find | G6: {=XLOOKUP(B6,'Step 1 Data Bank'!E:E,'Step 1 Data Bank'!F:F)} -> #N/A
B7: 351690530004988 | C7: 352380640004982 | D7: SM-S942BZKCXID | E7: REDCOMM INDONESIA | F7: =IFERROR(IF(ISNUMBER(MATCH(B7,'Step 1 Data Bank'!E:E, 0)), "Find", "Not Find"),"") -> Not Find | G7: {=XLOOKUP(B7,'Step 1 Data Bank'!E:E,'Step 1 Data Bank'!F:F)} -> #N/A
B8: 351690530005167 | C8: 352380640005161 | D8: SM-S942BZKCXID | E8: REDCOMM INDONESIA | F8: =IFERROR(IF(ISNUMBER(MATCH(B8,'Step 1 Data Bank'!E:E, 0)), "Find", "Not Find"),"") -> Not Find | G8: {=XLOOKUP(B8,'Step 1 Data Bank'!E:E,'Step 1 Data Bank'!F:F)} -> #N/A
B9: 351690530005431 | C9: 352380640005435 | D9: SM-S942BZKCXID | E9: MINDSHARE | F9: =IFERROR(IF(ISNUMBER(MATCH(B9,'Step 1 Data Bank'!E:E, 0)), "Find", "Not Find"),"") -> Not Find | G9: {=XLOOKUP(B9,'Step 1 Data Bank'!E:E,'Step 1 Data Bank'!F:F)} -> #N/A
B10: 351690530005613 | C10: 352380640005617 | D10: SM-S942BZKCXID | E10: REDCOMM INDONESIA | F10: =IFERROR(IF(ISNUMBER(MATCH(B10,'Step 1 Data Bank'!E:E, 0)), "Find", "Not Find"),"") -> Not Find | G10: {=XLOOKUP(B10,'Step 1 Data Bank'!E:E,'Step 1 Data Bank'!F:F)} -> #N/A
B11: 351690530005787 | C11: 352380640005781 | D11: SM-S942BZKCXID | E11: REDCOMM INDONESIA | F11: =IFERROR(IF(ISNUMBER(MATCH(B11,'Step 1 Data Bank'!E:E, 0)), "Find", "Not Find"),"") -> Not Find | G11: {=XLOOKUP(B11,'Step 1 Data Bank'!E:E,'Step 1 Data Bank'!F:F)} -> #N/A
B12: 351690530005902 | C12: 352380640005906 | D12: SM-S942BZKCXID | E12: MINDSHARE | F12: =IFERROR(IF(ISNUMBER(MATCH(B12,'Step 1 Data Bank'!E:E, 0)), "Find", "Not Find"),"") -> Not Find | G12: {=XLOOKUP(B12,'Step 1 Data Bank'!E:E,'Step 1 Data Bank'!F:F)} -> #N/A
B13: 351690530025538 | C13: 352380640025532 | D13: SM-S942BZSCXID | E13: MINDSHARE | F13: =IFERROR(IF(ISNUMBER(MATCH(B13,'Step 1 Data Bank'!E:E, 0)), "Find", "Not Find"),"") -> Find | G13: {=XLOOKUP(B13,'Step 1 Data Bank'!E:E,'Step 1 Data Bank'!F:F)} -> G-S26 256GB SILVER
... B54: 358780495051836 | C54: 358958305051838 | D54: SM-S948BLBBXID | E54: REDCOMM INDONESIA | F54: =IFERROR(IF(ISNUMBER(MATCH(B54,'Step 1 Data Bank'!E:E, 0)), "Find", "Not Find"),"") -> Not Find | G54: {=XLOOKUP(B54,'Step 1 Data Bank'!E:E,'Step 1 Data Bank'!F:F)} -> #N/A

Sheet Step 1 Data Bank
A1: c | B1: DATE OF RECEIPT | C1: SEIN PIC NAME | D1: FOC TYPE | E1: SERIAL NUMBER (IMEI/SN) | F1: UNIT NAME | G1: FOC STATUS | H1: PLANNED RETURN DATE | I1: RECEIVED DATE TIME STAMP (LINK) | J1: GOAT PIC (PLANNER) | K1: CAMPAIGN NAME | L1: STATUS | M1: STATUS LOCATION | N1: ON HOLDER | O1: RETURN TO TCC RECEIPT (LINK) | P1: COMMENTS
B2: 46065 | C2: YAYA | D2: HANDPHONE | E2: 351225503076083 | F2: G-A07 RAMADHAN PACKAGE | G2: RETURN | H2: 46172 | J2: TASHYA | L2: AVAILABLE IN AGENCY | M2: =IF(E2="", "", IF(W2=0, "AVAILABLE", IF(W2 > X2, "LOANED / ON KOL", "AVAILABLE"))) -> LOANED / ON KOL | N2: {=IF(M2="LOANED / ON KOL", INDEX('Step 3 FOC Request'!$G:$G, MATCH(1, ('Step 3 FOC Request'!$A:$A=W2) * ('Step 3 FOC Request'!$F:$F=E2), 0)), "-")} -> Mushdalifah ( Aman) | W2: =MAXIFS('Step 3 FOC Request'!$A:$A, 'Step 3 FOC Request'!$F:$F, $E2) -> 46084.639 | X2: =MAXIFS('Step 4 FOC Return'!$A:$A, 'Step 4 FOC Return'!$E:$E, $E2) -> 0
B3: 46065 | C3: YAYA | D3: HANDPHONE | E3: 351225503087627 | F3: G-A07 RAMADHAN PACKAGE | G3: RETURN | H3: 46172 | J3: TASHYA | L3: AVAILABLE IN AGENCY | M3: =IF(E3="", "", IF(W3=0, "AVAILABLE", IF(W3 > X3, "LOANED / ON KOL", "AVAILABLE"))) -> LOANED / ON KOL | N3: {=IF(M3="LOANED / ON KOL", INDEX('Step 3 FOC Request'!$G:$G, MATCH(1, ('Step 3 FOC Request'!$A:$A=W3) * ('Step 3 FOC Request'!$F:$F=E3), 0)), "-")} -> AMHAD FADHILLA | W3: =MAXIFS('Step 3 FOC Request'!$A:$A, 'Step 3 FOC Request'!$F:$F, $E3) -> 46072.602 | X3: =MAXIFS('Step 4 FOC Return'!$A:$A, 'Step 4 FOC Return'!$E:$E, $E3) -> 0
B4: 46065 | C4: YAYA | D4: HANDPHONE | E4: 351225503088054 | F4: G-A07 RAMADHAN PACKAGE | G4: RETURN | H4: 46172 | J4: TASHYA | L4: AVAILABLE IN AGENCY | M4: =IF(E4="", "", IF(W4=0, "AVAILABLE", IF(W4 > X4, "LOANED / ON KOL", "AVAILABLE"))) -> AVAILABLE | N4: {=IF(M4="LOANED / ON KOL", INDEX('Step 3 FOC Request'!$G:$G, MATCH(1, ('Step 3 FOC Request'!$A:$A=W4) * ('Step 3 FOC Request'!$F:$F=E4), 0)), "-")} -> - | W4: =MAXIFS('Step 3 FOC Request'!$A:$A, 'Step 3 FOC Request'!$F:$F, $E4) -> 0 | X4: =MAXIFS('Step 4 FOC Return'!$A:$A, 'Step 4 FOC Return'!$E:$E, $E4) -> 0
B5: 46065 | C5: YAYA | D5: HANDPHONE | E5: 351225503077255 | F5: G-A07 RAMADHAN PACKAGE | G5: RETURN | H5: 46172 | J5: TASHYA | L5: AVAILABLE IN AGENCY | M5: =IF(E5="", "", IF(W5=0, "AVAILABLE", IF(W5 > X5, "LOANED / ON KOL", "AVAILABLE"))) -> LOANED / ON KOL | N5: {=IF(M5="LOANED / ON KOL", INDEX('Step 3 FOC Request'!$G:$G, MATCH(1, ('Step 3 FOC Request'!$A:$A=W5) * ('Step 3 FOC Request'!$F:$F=E5), 0)), "-")} -> Helin Alvia | W5: =MAXIFS('Step 3 FOC Request'!$A:$A, 'Step 3 FOC Request'!$F:$F, $E5) -> 46079.744 | X5: =MAXIFS('Step 4 FOC Return'!$A:$A, 'Step 4 FOC Return'!$E:$E, $E5) -> 0
B6: 46065 | C6: YAYA | D6: BUDS | E6: RF7L1060V4E | F6: G-BUDS4-PRO GOLD (2026) | G6: RETURN | H6: 46203 | J6: ABIGAIL | K6: Galaxy Buds4 Launch | L6: AVAILABLE IN AGENCY | M6: =IF(E6="", "", IF(W6=0, "AVAILABLE", IF(W6 > X6, "LOANED / ON KOL", "AVAILABLE"))) -> LOANED / ON KOL | N6: {=IF(M6="LOANED / ON KOL", INDEX('Step 3 FOC Request'!$G:$G, MATCH(1, ('Step 3 FOC Request'!$A:$A=W6) * ('Step 3 FOC Request'!$F:$F=E6), 0)), "-")} -> Jeffry Reksa | W6: =MAXIFS('Step 3 FOC Request'!$A:$A, 'Step 3 FOC Request'!$F:$F, $E6) -> 46073.686 | X6: =MAXIFS('Step 4 FOC Return'!$A:$A, 'Step 4 FOC Return'!$E:$E, $E6) -> 0
B7: 46065 | C7: YAYA | D7: BUDS | E7: RF7L1060SQJ | F7: G-BUDS4-PRO GOLD (2026) | G7: RETURN | H7: 46203 | J7: ABIGAIL | K7: Galaxy Buds4 Launch | L7: AVAILABLE IN AGENCY | M7: =IF(E7="", "", IF(W7=0, "AVAILABLE", IF(W7 > X7, "LOANED / ON KOL", "AVAILABLE"))) -> LOANED / ON KOL | N7: {=IF(M7="LOANED / ON KOL", INDEX('Step 3 FOC Request'!$G:$G, MATCH(1, ('Step 3 FOC Request'!$A:$A=W7) * ('Step 3 FOC Request'!$F:$F=E7), 0)), "-")} -> Maysha Juan | W7: =MAXIFS('Step 3 FOC Request'!$A:$A, 'Step 3 FOC Request'!$F:$F, $E7) -> 46090.693 | X7: =MAXIFS('Step 4 FOC Return'!$A:$A, 'Step 4 FOC Return'!$E:$E, $E7) -> 0
B8: 46065 | C8: YAYA | D8: BUDS | E8: RF7L106VRMY | F8: G-BUDS4-PRO WHITE (2026) | G8: RETURN | H8: 46203 | J8: ABIGAIL | K8: Galaxy Buds4 Launch | L8: AVAILABLE IN AGENCY | M8: =IF(E8="", "", IF(W8=0, "AVAILABLE", IF(W8 > X8, "LOANED / ON KOL", "AVAILABLE"))) -> LOANED / ON KOL | N8: {=IF(M8="LOANED / ON KOL", INDEX('Step 3 FOC Request'!$G:$G, MATCH(1, ('Step 3 FOC Request'!$A:$A=W8) * ('Step 3 FOC Request'!$F:$F=E8), 0)), "-")} -> Jevin Julian | W8: =MAXIFS('Step 3 FOC Request'!$A:$A, 'Step 3 FOC Request'!$F:$F, $E8) -> 46085.693 | X8: =MAXIFS('Step 4 FOC Return'!$A:$A, 'Step 4 FOC Return'!$E:$E, $E8) -> 0
B9: 46065 | C9: YAYA | D9: BUDS | E9: RF7L106VRRN | F9: G-BUDS4-PRO WHITE (2026) | G9: RETURN | H9: 46203 | J9: ABIGAIL | K9: Galaxy Buds4 Launch | L9: AVAILABLE IN AGENCY | M9: =IF(E9="", "", IF(W9=0, "AVAILABLE", IF(W9 > X9, "LOANED / ON KOL", "AVAILABLE"))) -> LOANED / ON KOL | N9: {=IF(M9="LOANED / ON KOL", INDEX('Step 3 FOC Request'!$G:$G, MATCH(1, ('Step 3 FOC Request'!$A:$A=W9) * ('Step 3 FOC Request'!$F:$F=E9), 0)), "-")} -> Naura Ayu | W9: =MAXIFS('Step 3 FOC Request'!$A:$A, 'Step 3 FOC Request'!$F:$F, $E9) -> 46079.575 | X9: =MAXIFS('Step 4 FOC Return'!$A:$A, 'Step 4 FOC Return'!$E:$E, $E9) -> 0
B10: 46065 | C10: ANNELA | D10: HANDPHONE | E10: 354312420000854 | F10: G-Z-FLIP7 256GB BLACK (2025) | G10: RETURN | H10: 46203 | J10: KHALIDA | K10: DA CAMPAIGN | L10: AVAILABLE IN AGENCY | M10: =IF(E10="", "", IF(W10=0, "AVAILABLE", IF(W10 > X10, "LOANED / ON KOL", "AVAILABLE"))) -> LOANED / ON KOL | N10: {=IF(M10="LOANED / ON KOL", INDEX('Step 3 FOC Request'!$G:$G, MATCH(1, ('Step 3 FOC Request'!$A:$A=W10) * ('Step 3 FOC Request'!$F:$F=E10), 0)), "-")} -> Zahral Antika | W10: =MAXIFS('Step 3 FOC Request'!$A:$A, 'Step 3 FOC Request'!$F:$F, $E10) -> 46084.531 | X10: =MAXIFS('Step 4 FOC Return'!$A:$A, 'Step 4 FOC Return'!$E:$E, $E10) -> 0
B11: 46065 | C11: ANNELA | D11: HANDPHONE | E11: 354312420002314 | F11: G-Z-FLIP7 256GB LIGHT GREEN (2025) | G11: RETURN | H11: 46203 | J11: KHALIDA | K11: DA CAMPAIGN | L11: AVAILABLE IN AGENCY | M11: =IF(E11="", "", IF(W11=0, "AVAILABLE", IF(W11 > X11, "LOANED / ON KOL", "AVAILABLE"))) -> LOANED / ON KOL | N11: {=IF(M11="LOANED / ON KOL", INDEX('Step 3 FOC Request'!$G:$G, MATCH(1, ('Step 3 FOC Request'!$A:$A=W11) * ('Step 3 FOC Request'!$F:$F=E11), 0)), "-")} -> Aliya | W11: =MAXIFS('Step 3 FOC Request'!$A:$A, 'Step 3 FOC Request'!$F:$F, $E11) -> 46076.812 | X11: =MAXIFS('Step 4 FOC Return'!$A:$A, 'Step 4 FOC Return'!$E:$E, $E11) -> 0
B12: 46065 | C12: ANNELA | D12: HANDPHONE | E12: 354312420030364 | F12: G-Z-FLIP7 256GB DARK BLUE (2025) | G12: RETURN | H12: 46203 | J12: KHALIDA | K12: DA CAMPAIGN | L12: AVAILABLE IN AGENCY | M12: =IF(E12="", "", IF(W12=0, "AVAILABLE", IF(W12 > X12, "LOANED / ON KOL", "AVAILABLE"))) -> AVAILABLE | N12: {=IF(M12="LOANED / ON KOL", INDEX('Step 3 FOC Request'!$G:$G, MATCH(1, ('Step 3 FOC Request'!$A:$A=W12) * ('Step 3 FOC Request'!$F:$F=E12), 0)), "-")} -> - | W12: =MAXIFS('Step 3 FOC Request'!$A:$A, 'Step 3 FOC Request'!$F:$F, $E12) -> 0 | X12: =MAXIFS('Step 4 FOC Return'!$A:$A, 'Step 4 FOC Return'!$E:$E, $E12) -> 0
B13: 46065 | C13: ANNELA | D13: HANDPHONE | E13: 358410185002861 | F13: G-S25 256GB DARK BLUE(2025) | G13: RETURN | H13: 46203 | J13: KHALIDA | K13: DA CAMPAIGN | L13: AVAILABLE IN AGENCY | M13: =IF(E13="", "", IF(W13=0, "AVAILABLE", IF(W13 > X13, "LOANED / ON KOL", "AVAILABLE"))) -> LOANED / ON KOL | N13: {=IF(M13="LOANED / ON KOL", INDEX('Step 3 FOC Request'!$G:$G, MATCH(1, ('Step 3 FOC Request'!$A:$A=W13) * ('Step 3 FOC Request'!$F:$F=E13), 0)), "-")} -> Adinka | W13: =MAXIFS('Step 3 FOC Request'!$A:$A, 'Step 3 FOC Request'!$F:$F, $E13) -> 46066.589 | X13: =MAXIFS('Step 4 FOC Return'!$A:$A, 'Step 4 FOC Return'!$E:$E, $E13) -> 0
B14: 46065 | C14: ANNELA | D14: HANDPHONE | E14: 358410185073425 | F14: G-S25 256GB SILVER (2025) | G14: RETURN | H14: 46203 | J14: KHALIDA | K14: DA CAMPAIGN | L14: AVAILABLE IN AGENCY | M14: =IF(E14="", "", IF(W14=0, "AVAILABLE", IF(W14 > X14, "LOANED / ON KOL", "AVAILABLE"))) -> LOANED / ON KOL | N14: {=IF(M14="LOANED / ON KOL", INDEX('Step 3 FOC Request'!$G:$G, MATCH(1, ('Step 3 FOC Request'!$A:$A=W14) * ('Step 3 FOC Request'!$F:$F=E14), 0)), "-")} -> Raje | W14: =MAXIFS('Step 3 FOC Request'!$A:$A, 'Step 3 FOC Request'!$F:$F, $E14) -> 46090.563 | X14: =MAXIFS('Step 4 FOC Return'!$A:$A, 'Step 4 FOC Return'!$E:$E, $E14) -> 0
B15: 46065 | C15: ANNELA | D15: HANDPHONE | E15: 358410185074076 | F15: G-S25 256GB SILVER(2025) | G15: RETURN | H15: 46203 | J15: KHALIDA | K15: DA CAMPAIGN | L15: AVAILABLE IN AGENCY | M15: =IF(E15="", "", IF(W15=0, "AVAILABLE", IF(W15 > X15, "LOANED / ON KOL", "AVAILABLE"))) -> LOANED / ON KOL | N15: {=IF(M15="LOANED / ON KOL", INDEX('Step 3 FOC Request'!$G:$G, MATCH(1, ('Step 3 FOC Request'!$A:$A=W15) * ('Step 3 FOC Request'!$F:$F=E15), 0)), "-")} -> Satria | P15: Layar Sudah ada baret dari penerimaan awal | W15: =MAXIFS('Step 3 FOC Request'!$A:$A, 'Step 3 FOC Request'!$F:$F, $E15) -> 46084.58 | X15: =MAXIFS('Step 4 FOC Return'!$A:$A, 'Step 4 FOC Return'!$E:$E, $E15) -> 0
B16: 46065 | C16: AKBARI | D16: TAB | E16: RR2Y900B1ZK | F16: G-TAB-S11 WIFI, GRAY (2025) | G16: RETURN | H16: 46203 | J16: ABIGAIL | K16: S11 Sustence | L16: AVAILABLE IN AGENCY | M16: =IF(E16="", "", IF(W16=0, "AVAILABLE", IF(W16 > X16, "LOANED / ON KOL", "AVAILABLE"))) -> AVAILABLE | N16: {=IF(M16="LOANED / ON KOL", INDEX('Step 3 FOC Request'!$G:$G, MATCH(1, ('Step 3 FOC Request'!$A:$A=W16) * ('Step 3 FOC Request'!$F:$F=E16), 0)), "-")} -> - | W16: =MAXIFS('Step 3 FOC Request'!$A:$A, 'Step 3 FOC Request'!$F:$F, $E16) -> 0 | X16: =MAXIFS('Step 4 FOC Return'!$A:$A, 'Step 4 FOC Return'!$E:$E, $E16) -> 0
B17: 46065 | C17: AKBARI | D17: TAB | E17: RR2Y900APAE | F17: G-TAB-S11 WIFI, GRAY (2025) | G17: RETURN | H17: 46203 | J17: ABIGAIL | K17: S11 Sustence | L17: AVAILABLE IN AGENCY | M17: =IF(E17="", "", IF(W17=0, "AVAILABLE", IF(W17 > X17, "LOANED / ON KOL", "AVAILABLE"))) -> AVAILABLE | N17: {=IF(M17="LOANED / ON KOL", INDEX('Step 3 FOC Request'!$G:$G, MATCH(1, ('Step 3 FOC Request'!$A:$A=W17) * ('Step 3 FOC Request'!$F:$F=E17), 0)), "-")} -> - | W17: =MAXIFS('Step 3 FOC Request'!$A:$A, 'Step 3 FOC Request'!$F:$F, $E17) -> 0 | X17: =MAXIFS('Step 4 FOC Return'!$A:$A, 'Step 4 FOC Return'!$E:$E, $E17) -> 0
B18: 46065 | C18: AKBARI | D18: ACCESORIES | E18: RF7Y9001GSXCIS | F18: ACC HHP, KEYBOARD TAB S11 | G18: RETURN | H18: 46203 | J18: ABIGAIL | K18: S11 Sustence | L18: AVAILABLE IN AGENCY | M18: =IF(E18="", "", IF(W18=0, "AVAILABLE", IF(W18 > X18, "LOANED / ON KOL", "AVAILABLE"))) -> AVAILABLE | N18: {=IF(M18="LOANED / ON KOL", INDEX('Step 3 FOC Request'!$G:$G, MATCH(1, ('Step 3 FOC Request'!$A:$A=W18) * ('Step 3 FOC Request'!$F:$F=E18), 0)), "-")} -> - | W18: =MAXIFS('Step 3 FOC Request'!$A:$A, 'Step 3 FOC Request'!$F:$F, $E18) -> 0 | X18: =MAXIFS('Step 4 FOC Return'!$A:$A, 'Step 4 FOC Return'!$E:$E, $E18) -> 0
B19: 46065 | C19: AKBARI | D19: ACCESORIES | E19: RF7Y9001FKBCIS | F19: ACC HHP, KEYBOARD TAB S11 | G19: RETURN | H19: 46203 | J19: ABIGAIL | K19: S11 Sustence | L19: AVAILABLE IN AGENCY | M19: =IF(E19="", "", IF(W19=0, "AVAILABLE", IF(W19 > X19, "LOANED / ON KOL", "AVAILABLE"))) -> AVAILABLE | N19: {=IF(M19="LOANED / ON KOL", INDEX('Step 3 FOC Request'!$G:$G, MATCH(1, ('Step 3 FOC Request'!$A:$A=W19) * ('Step 3 FOC Request'!$F:$F=E19), 0)), "-")} -> - | W19: =MAXIFS('Step 3 FOC Request'!$A:$A, 'Step 3 FOC Request'!$F:$F, $E19) -> 0 | X19: =MAXIFS('Step 4 FOC Return'!$A:$A, 'Step 4 FOC Return'!$E:$E, $E19) -> 0
B20: 46065 | C20: AKBARI | D20: ACCESORIES | E20: RF7Y9001EJJCIS | F20: ACC HHP, KEYBOARD TAB S11 | G20: RETURN | H20: 46203 | J20: ABIGAIL | K20: S11 Sustence | L20: AVAILABLE IN AGENCY | M20: =IF(E20="", "", IF(W20=0, "AVAILABLE", IF(W20 > X20, "LOANED / ON KOL", "AVAILABLE"))) -> AVAILABLE | N20: {=IF(M20="LOANED / ON KOL", INDEX('Step 3 FOC Request'!$G:$G, MATCH(1, ('Step 3 FOC Request'!$A:$A=W20) * ('Step 3 FOC Request'!$F:$F=E20), 0)), "-")} -> - | W20: =MAXIFS('Step 3 FOC Request'!$A:$A, 'Step 3 FOC Request'!$F:$F, $E20) -> 0 | X20: =MAXIFS('Step 4 FOC Return'!$A:$A, 'Step 4 FOC Return'!$E:$E, $E20) -> 0
B21: 46065 | C21: AKBARI | D21: TAB | E21: 358387120015010 | F21: G-TAB-S11-ULTRA-5G GRAY (2025) | G21: RETURN | H21: 46203 | J21: ABIGAIL | K21: S11 Sustence | L21: AVAILABLE IN AGENCY | M21: =IF(E21="", "", IF(W21=0, "AVAILABLE", IF(W21 > X21, "LOANED / ON KOL", "AVAILABLE"))) -> AVAILABLE | N21: {=IF(M21="LOANED / ON KOL", INDEX('Step 3 FOC Request'!$G:$G, MATCH(1, ('Step 3 FOC Request'!$A:$A=W21) * ('Step 3 FOC Request'!$F:$F=E21), 0)), "-")} -> - | W21: =MAXIFS('Step 3 FOC Request'!$A:$A, 'Step 3 FOC Request'!$F:$F, $E21) -> 0 | X21: =MAXIFS('Step 4 FOC Return'!$A:$A, 'Step 4 FOC Return'!$E:$E, $E21) -> 0
B22: 46065 | C22: AKBARI | D22: TAB | E22: 358387120018311 | F22: G-TAB-S11-ULTRA-5G GRAY (2025) | G22: RETURN | H22: 46203 | J22: ABIGAIL | K22: S11 Sustence | L22: AVAILABLE IN AGENCY | M22: =IF(E22="", "", IF(W22=0, "AVAILABLE", IF(W22 > X22, "LOANED / ON KOL", "AVAILABLE"))) -> AVAILABLE | N22: {=IF(M22="LOANED / ON KOL", INDEX('Step 3 FOC Request'!$G:$G, MATCH(1, ('Step 3 FOC Request'!$A:$A=W22) * ('Step 3 FOC Request'!$F:$F=E22), 0)), "-")} -> - | W22: =MAXIFS('Step 3 FOC Request'!$A:$A, 'Step 3 FOC Request'!$F:$F, $E22) -> 0 | X22: =MAXIFS('Step 4 FOC Return'!$A:$A, 'Step 4 FOC Return'!$E:$E, $E22) -> 0
B23: 46065 | C23: AKBARI | D23: ACCESORIES | E23: RF7Y803MA0VCIS | F23: ACC HHP, KEYBOARD SLIM BLACK, TAB S11 ULTRA | G23: RETURN | H23: 46203 | J23: ABIGAIL | K23: S11 Sustence | L23: AVAILABLE IN AGENCY | M23: =IF(E23="", "", IF(W23=0, "AVAILABLE", IF(W23 > X23, "LOANED / ON KOL", "AVAILABLE"))) -> AVAILABLE | N23: {=IF(M23="LOANED / ON KOL", INDEX('Step 3 FOC Request'!$G:$G, MATCH(1, ('Step 3 FOC Request'!$A:$A=W23) * ('Step 3 FOC Request'!$F:$F=E23), 0)), "-")} -> - | W23: =MAXIFS('Step 3 FOC Request'!$A:$A, 'Step 3 FOC Request'!$F:$F, $E23) -> 0 | X23: =MAXIFS('Step 4 FOC Return'!$A:$A, 'Step 4 FOC Return'!$E:$E, $E23) -> 0
B24: 46065 | C24: AKBARI | D24: ACCESORIES | E24: RF7Y803M3WYCIS | F24: ACC HHP, KEYBOARD SLIM BLACK, TAB S11 ULTRA | G24: RETURN | H24: 46203 | J24: ABIGAIL | K24: S11 Sustence | L24: AVAILABLE IN AGENCY | M24: =IF(E24="", "", IF(W24=0, "AVAILABLE", IF(W24 > X24, "LOANED / ON KOL", "AVAILABLE"))) -> AVAILABLE | N24: {=IF(M24="LOANED / ON KOL", INDEX('Step 3 FOC Request'!$G:$G, MATCH(1, ('Step 3 FOC Request'!$A:$A=W24) * ('Step 3 FOC Request'!$F:$F=E24), 0)), "-")} -> - | W24: =MAXIFS('Step 3 FOC Request'!$A:$A, 'Step 3 FOC Request'!$F:$F, $E24) -> 0 | X24: =MAXIFS('Step 4 FOC Return'!$A:$A, 'Step 4 FOC Return'!$E:$E, $E24) -> 0
B25: 46065 | C25: YAYA | D25: HANDPHONE | E25: 355649780288085 | F25: G-A07-5G 128GB LIGHT VIOLET | G25: RETURN | H25: N/A | J25: TASHYA | L25: AVAILABLE IN AGENCY | M25: =IF(E25="", "", IF(W25=0, "AVAILABLE", IF(W25 > X25, "LOANED / ON KOL", "AVAILABLE"))) -> LOANED / ON KOL | N25: {=IF(M25="LOANED / ON KOL", INDEX('Step 3 FOC Request'!$G:$G, MATCH(1, ('Step 3 FOC Request'!$A:$A=W25) * ('Step 3 FOC Request'!$F:$F=E25), 0)), "-")} -> VINCENT PRATAMA | W25: =MAXIFS('Step 3 FOC Request'!$A:$A, 'Step 3 FOC Request'!$F:$F, $E25) -> 46085.661 | X25: =MAXIFS('Step 4 FOC Return'!$A:$A, 'Step 4 FOC Return'!$E:$E, $E25) -> 0
B26: 46065 | C26: YAYA | D26: HANDPHONE | E26: 355649780142837 | F26: G-A07-5G 128GB LIGHT VIOLET | G26: RETURN | H26: N/A | J26: TASHYA | L26: AVAILABLE IN AGENCY | M26: =IF(E26="", "", IF(W26=0, "AVAILABLE", IF(W26 > X26, "LOANED / ON KOL", "AVAILABLE"))) -> LOANED / ON KOL | N26: {=IF(M26="LOANED / ON KOL", INDEX('Step 3 FOC Request'!$G:$G, MATCH(1, ('Step 3 FOC Request'!$A:$A=W26) * ('Step 3 FOC Request'!$F:$F=E26), 0)), "-")} -> Naqi | W26: =MAXIFS('Step 3 FOC Request'!$A:$A, 'Step 3 FOC Request'!$F:$F, $E26) -> 46086.584 | X26: =MAXIFS('Step 4 FOC Return'!$A:$A, 'Step 4 FOC Return'!$E:$E, $E26) -> 0
B27: 46065 | C27: YAYA | D27: HANDPHONE | E27: 355649780287392 | F27: G-A07-5G 128GB LIGHT VIOLET | G27: RETURN | H27: N/A | J27: TASHYA | L27: AVAILABLE IN AGENCY | M27: =IF(E27="", "", IF(W27=0, "AVAILABLE", IF(W27 > X27, "LOANED / ON KOL", "AVAILABLE"))) -> LOANED / ON KOL | N27: {=IF(M27="LOANED / ON KOL", INDEX('Step 3 FOC Request'!$G:$G, MATCH(1, ('Step 3 FOC Request'!$A:$A=W27) * ('Step 3 FOC Request'!$F:$F=E27), 0)), "-")} -> Farhan Frisia | W27: =MAXIFS('Step 3 FOC Request'!$A:$A, 'Step 3 FOC Request'!$F:$F, $E27) -> 46086.839 | X27: =MAXIFS('Step 4 FOC Return'!$A:$A, 'Step 4 FOC Return'!$E:$E, $E27) -> 0
B28: 46066 | C28: MANDIE | D28: HANDPHONE | E28: 352901540311464 | F28: G-S25-ULTRA WHITE SILVER | G28: RETURN | H28: ASAP | J28: OLIV | K28: RAMADAN CAMPAIGN | L28: AVAILABLE IN AGENCY | M28: =IF(E28="", "", IF(W28=0, "AVAILABLE", IF(W28 > X28, "LOANED / ON KOL", "AVAILABLE"))) -> LOANED / ON KOL | N28: {=IF(M28="LOANED / ON KOL", INDEX('Step 3 FOC Request'!$G:$G, MATCH(1, ('Step 3 FOC Request'!$A:$A=W28) * ('Step 3 FOC Request'!$F:$F=E28), 0)), "-")} -> Shafa Lubis | W28: =MAXIFS('Step 3 FOC Request'!$A:$A, 'Step 3 FOC Request'!$F:$F, $E28) -> 46078.75 | X28: =MAXIFS('Step 4 FOC Return'!$A:$A, 'Step 4 FOC Return'!$E:$E, $E28) -> 0
B29: 46066 | C29: MANDIE | D29: HANDPHONE | E29: 352901540313817 | F29: G-S25-ULTRA GRAY | G29: RETURN | H29: ASAP | J29: OLIV | K29: RAMADAN CAMPAIGN | L29: AVAILABLE IN AGENCY | M29: =IF(E29="", "", IF(W29=0, "AVAILABLE", IF(W29 > X29, "LOANED / ON KOL", "AVAILABLE"))) -> LOANED / ON KOL | N29: {=IF(M29="LOANED / ON KOL", INDEX('Step 3 FOC Request'!$G:$G, MATCH(1, ('Step 3 FOC Request'!$A:$A=W29) * ('Step 3 FOC Request'!$F:$F=E29), 0)), "-")} -> madaryanhadi | W29: =MAXIFS('Step 3 FOC Request'!$A:$A, 'Step 3 FOC Request'!$F:$F, $E29) -> 46090.785 | X29: =MAXIFS('Step 4 FOC Return'!$A:$A, 'Step 4 FOC Return'!$E:$E, $E29) -> 0
B30: 46066 | C30: MANDIE | D30: HANDPHONE | E30: 355626620021892 | F30: G-Z-FOLD7 BLUE SHADOW | G30: RETURN | H30: ASAP | J30: OLIV | K30: RAMADAN CAMPAIGN | L30: AVAILABLE IN AGENCY | M30: =IF(E30="", "", IF(W30=0, "AVAILABLE", IF(W30 > X30, "LOANED / ON KOL", "AVAILABLE"))) -> LOANED / ON KOL | N30: {=IF(M30="LOANED / ON KOL", INDEX('Step 3 FOC Request'!$G:$G, MATCH(1, ('Step 3 FOC Request'!$A:$A=W30) * ('Step 3 FOC Request'!$F:$F=E30), 0)), "-")} -> Apip | W30: =MAXIFS('Step 3 FOC Request'!$A:$A, 'Step 3 FOC Request'!$F:$F, $E30) -> 46078.75 | X30: =MAXIFS('Step 4 FOC Return'!$A:$A, 'Step 4 FOC Return'!$E:$E, $E30) -> 0
B31: 46066 | C31: MANDIE | D31: HANDPHONE | E31: 354312420000599 | F31: G-Z-FLIP7 JETBLACK | G31: RETURN | H31: ASAP | J31: OLIV | K31: RAMADAN CAMPAIGN | L31: AVAILABLE IN AGENCY | M31: =IF(E31="", "", IF(W31=0, "AVAILABLE", IF(W31 > X31, "LOANED / ON KOL", "AVAILABLE"))) -> LOANED / ON KOL | N31: {=IF(M31="LOANED / ON KOL", INDEX('Step 3 FOC Request'!$G:$G, MATCH(1, ('Step 3 FOC Request'!$A:$A=W31) * ('Step 3 FOC Request'!$F:$F=E31), 0)), "-")} -> DRG Nurina | W31: =MAXIFS('Step 3 FOC Request'!$A:$A, 'Step 3 FOC Request'!$F:$F, $E31) -> 46080.555 | X31: =MAXIFS('Step 4 FOC Return'!$A:$A, 'Step 4 FOC Return'!$E:$E, $E31) -> 0
B32: 46066 | C32: YAYA | D32: HANDPHONE | E32: 355500722565579 | F32: G-A-175LTE LIGHT BLUE RAMADAN PACKAGE | G32: RETURN | H32: 46172 | J32: TASHYA | L32: AVAILABLE IN AGENCY | M32: =IF(E32="", "", IF(W32=0, "AVAILABLE", IF(W32 > X32, "LOANED / ON KOL", "AVAILABLE"))) -> LOANED / ON KOL | N32: {=IF(M32="LOANED / ON KOL", INDEX('Step 3 FOC Request'!$G:$G, MATCH(1, ('Step 3 FOC Request'!$A:$A=W32) * ('Step 3 FOC Request'!$F:$F=E32), 0)), "-")} -> MEIRANI AMALIA | W32: =MAXIFS('Step 3 FOC Request'!$A:$A, 'Step 3 FOC Request'!$F:$F, $E32) -> 46073.454 | X32: =MAXIFS('Step 4 FOC Return'!$A:$A, 'Step 4 FOC Return'!$E:$E, $E32) -> 0
B33: 46066 | C33: YAYA | D33: HANDPHONE | E33: 355500722520517 | F33: G-A-175LTE BLACK RAMADAM PACKAGE | G33: RETURN | H33: 46172 | J33: TASHYA | L33: AVAILABLE IN AGENCY | M33: =IF(E33="", "", IF(W33=0, "AVAILABLE", IF(W33 > X33, "LOANED / ON KOL", "AVAILABLE"))) -> LOANED / ON KOL | N33: {=IF(M33="LOANED / ON KOL", INDEX('Step 3 FOC Request'!$G:$G, MATCH(1, ('Step 3 FOC Request'!$A:$A=W33) * ('Step 3 FOC Request'!$F:$F=E33), 0)), "-")} -> Cex Daniel | W33: =MAXIFS('Step 3 FOC Request'!$A:$A, 'Step 3 FOC Request'!$F:$F, $E33) -> 46077.748 | X33: =MAXIFS('Step 4 FOC Return'!$A:$A, 'Step 4 FOC Return'!$E:$E, $E33) -> 0
B34: 46066 | C34: YAYA | D34: HANDPHONE | E34: 355500722567443 | F34: G-A-175LTE LIGHT BLUE PACKAGE | G34: RETURN | H34: 46172 | J34: TASHYA | L34: AVAILABLE IN AGENCY | M34: =IF(E34="", "", IF(W34=0, "AVAILABLE", IF(W34 > X34, "LOANED / ON KOL", "AVAILABLE"))) -> LOANED / ON KOL | N34: {=IF(M34="LOANED / ON KOL", INDEX('Step 3 FOC Request'!$G:$G, MATCH(1, ('Step 3 FOC Request'!$A:$A=W34) * ('Step 3 FOC Request'!$F:$F=E34), 0)), "-")} -> RAUDAH | W34: =MAXIFS('Step 3 FOC Request'!$A:$A, 'Step 3 FOC Request'!$F:$F, $E34) -> 46078.513 | X34: =MAXIFS('Step 4 FOC Return'!$A:$A, 'Step 4 FOC Return'!$E:$E, $E34) -> 0
B35: 46071 | D35: HANDPHONE | E35: 350009210308596 | F35: G-S24-FE 256GB GRAY | L35: AVAILABLE IN AGENCY | M35: =IF(E35="", "", IF(W35=0, "AVAILABLE", IF(W35 > X35, "LOANED / ON KOL", "AVAILABLE"))) -> AVAILABLE | N35: {=IF(M35="LOANED / ON KOL", INDEX('Step 3 FOC Request'!$G:$G, MATCH(1, ('Step 3 FOC Request'!$A:$A=W35) * ('Step 3 FOC Request'!$F:$F=E35), 0)), "-")} -> - | W35: =MAXIFS('Step 3 FOC Request'!$A:$A, 'Step 3 FOC Request'!$F:$F, $E35) -> 0 | X35: =MAXIFS('Step 4 FOC Return'!$A:$A, 'Step 4 FOC Return'!$E:$E, $E35) -> 0
B36: 46071 | D36: HANDPHONE | E36: 350009210289044 | F36: G-S24-FE 256GB GRAY | L36: AVAILABLE IN AGENCY | M36: =IF(E36="", "", IF(W36=0, "AVAILABLE", IF(W36 > X36, "LOANED / ON KOL", "AVAILABLE"))) -> AVAILABLE | N36: {=IF(M36="LOANED / ON KOL", INDEX('Step 3 FOC Request'!$G:$G, MATCH(1, ('Step 3 FOC Request'!$A:$A=W36) * ('Step 3 FOC Request'!$F:$F=E36), 0)), "-")} -> - | W36: =MAXIFS('Step 3 FOC Request'!$A:$A, 'Step 3 FOC Request'!$F:$F, $E36) -> 0 | X36: =MAXIFS('Step 4 FOC Return'!$A:$A, 'Step 4 FOC Return'!$E:$E, $E36) -> 0
B37: 46071 | D37: HANDPHONE | E37: 350009210308232 | F37: G-S24-FE 256GB GRAY | L37: AVAILABLE IN AGENCY | M37: =IF(E37="", "", IF(W37=0, "AVAILABLE", IF(W37 > X37, "LOANED / ON KOL", "AVAILABLE"))) -> AVAILABLE | N37: {=IF(M37="LOANED / ON KOL", INDEX('Step 3 FOC Request'!$G:$G, MATCH(1, ('Step 3 FOC Request'!$A:$A=W37) * ('Step 3 FOC Request'!$F:$F=E37), 0)), "-")} -> - | W37: =MAXIFS('Step 3 FOC Request'!$A:$A, 'Step 3 FOC Request'!$F:$F, $E37) -> 0 | X37: =MAXIFS('Step 4 FOC Return'!$A:$A, 'Step 4 FOC Return'!$E:$E, $E37) -> 0
B38: 46071 | D38: HANDPHONE | E38: 350009210074339 | F38: G-S24-FE 256GB GRAPHITE | G38: RETURN | J38: SALMA | L38: AVAILABLE IN AGENCY | M38: =IF(E38="", "", IF(W38=0, "AVAILABLE", IF(W38 > X38, "LOANED / ON KOL", "AVAILABLE"))) -> AVAILABLE | N38: {=IF(M38="LOANED / ON KOL", INDEX('Step 3 FOC Request'!$G:$G, MATCH(1, ('Step 3 FOC Request'!$A:$A=W38) * ('Step 3 FOC Request'!$F:$F=E38), 0)), "-")} -> - | W38: =MAXIFS('Step 3 FOC Request'!$A:$A, 'Step 3 FOC Request'!$F:$F, $E38) -> 0 | X38: =MAXIFS('Step 4 FOC Return'!$A:$A, 'Step 4 FOC Return'!$E:$E, $E38) -> 0
B39: 46071 | D39: HANDPHONE | E39: 354922130012054 | F39: G-S25-EDGE 256GB SILVER | J39: TASHYA | L39: AVAILABLE IN AGENCY | M39: =IF(E39="", "", IF(W39=0, "AVAILABLE", IF(W39 > X39, "LOANED / ON KOL", "AVAILABLE"))) -> LOANED / ON KOL | N39: {=IF(M39="LOANED / ON KOL", INDEX('Step 3 FOC Request'!$G:$G, MATCH(1, ('Step 3 FOC Request'!$A:$A=W39) * ('Step 3 FOC Request'!$F:$F=E39), 0)), "-")} -> Jevin Julian | W39: =MAXIFS('Step 3 FOC Request'!$A:$A, 'Step 3 FOC Request'!$F:$F, $E39) -> 46085.693 | X39: =MAXIFS('Step 4 FOC Return'!$A:$A, 'Step 4 FOC Return'!$E:$E, $E39) -> 0
B40: 46071 | D40: HANDPHONE | E40: 354922130002634 | F40: G-S25-EDGE 256GB JETBLACK | G40: UNRETURN | J40: MARTIN | L40: AVAILABLE IN AGENCY | M40: =IF(E40="", "", IF(W40=0, "AVAILABLE", IF(W40 > X40, "LOANED / ON KOL", "AVAILABLE"))) -> AVAILABLE | N40: {=IF(M40="LOANED / ON KOL", INDEX('Step 3 FOC Request'!$G:$G, MATCH(1, ('Step 3 FOC Request'!$A:$A=W40) * ('Step 3 FOC Request'!$F:$F=E40), 0)), "-")} -> - | W40: =MAXIFS('Step 3 FOC Request'!$A:$A, 'Step 3 FOC Request'!$F:$F, $E40) -> 0 | X40: =MAXIFS('Step 4 FOC Return'!$A:$A, 'Step 4 FOC Return'!$E:$E, $E40) -> 0
B41: 46071 | D41: HANDPHONE | E41: 354922130011205 | F41: G-S25-EDGE 256GB SILVER | J41: TASHYA | L41: AVAILABLE IN AGENCY | M41: =IF(E41="", "", IF(W41=0, "AVAILABLE", IF(W41 > X41, "LOANED / ON KOL", "AVAILABLE"))) -> AVAILABLE | N41: {=IF(M41="LOANED / ON KOL", INDEX('Step 3 FOC Request'!$G:$G, MATCH(1, ('Step 3 FOC Request'!$A:$A=W41) * ('Step 3 FOC Request'!$F:$F=E41), 0)), "-")} -> - | P41: Samsung account masih nyangkut | W41: =MAXIFS('Step 3 FOC Request'!$A:$A, 'Step 3 FOC Request'!$F:$F, $E41) -> 0 | X41: =MAXIFS('Step 4 FOC Return'!$A:$A, 'Step 4 FOC Return'!$E:$E, $E41) -> 0
B42: 46071 | D42: HANDPHONE | E42: 354922130008466 | F42: G-S25-EDGE 256GB SILVER | G42: RETURN | J42: CHRISYE | L42: AVAILABLE IN AGENCY | M42: =IF(E42="", "", IF(W42=0, "AVAILABLE", IF(W42 > X42, "LOANED / ON KOL", "AVAILABLE"))) -> AVAILABLE | N42: {=IF(M42="LOANED / ON KOL", INDEX('Step 3 FOC Request'!$G:$G, MATCH(1, ('Step 3 FOC Request'!$A:$A=W42) * ('Step 3 FOC Request'!$F:$F=E42), 0)), "-")} -> - | W42: =MAXIFS('Step 3 FOC Request'!$A:$A, 'Step 3 FOC Request'!$F:$F, $E42) -> 0 | X42: =MAXIFS('Step 4 FOC Return'!$A:$A, 'Step 4 FOC Return'!$E:$E, $E42) -> 0
B43: 46071 | D43: HANDPHONE | E43: 354922130011403 | F43: G-S25-EDGE 256GB SILVER | J43: TASHYA | L43: AVAILABLE IN AGENCY | M43: =IF(E43="", "", IF(W43=0, "AVAILABLE", IF(W43 > X43, "LOANED / ON KOL", "AVAILABLE"))) -> LOANED / ON KOL | N43: {=IF(M43="LOANED / ON KOL", INDEX('Step 3 FOC Request'!$G:$G, MATCH(1, ('Step 3 FOC Request'!$A:$A=W43) * ('Step 3 FOC Request'!$F:$F=E43), 0)), "-")} -> PH (Syndicate) - 5 | W43: =MAXIFS('Step 3 FOC Request'!$A:$A, 'Step 3 FOC Request'!$F:$F, $E43) -> 46076.812 | X43: =MAXIFS('Step 4 FOC Return'!$A:$A, 'Step 4 FOC Return'!$E:$E, $E43) -> 0
B44: 46071 | D44: HANDPHONE | E44: 358410185006722 | F44: G-S25 256GB SILVER SHADOW | G44: RETURN | L44: AVAILABLE IN AGENCY | M44: =IF(E44="", "", IF(W44=0, "AVAILABLE", IF(W44 > X44, "LOANED / ON KOL", "AVAILABLE"))) -> AVAILABLE | N44: {=IF(M44="LOANED / ON KOL", INDEX('Step 3 FOC Request'!$G:$G, MATCH(1, ('Step 3 FOC Request'!$A:$A=W44) * ('Step 3 FOC Request'!$F:$F=E44), 0)), "-")} -> - | W44: =MAXIFS('Step 3 FOC Request'!$A:$A, 'Step 3 FOC Request'!$F:$F, $E44) -> 0 | X44: =MAXIFS('Step 4 FOC Return'!$A:$A, 'Step 4 FOC Return'!$E:$E, $E44) -> 0
B45: 46071 | D45: HANDPHONE | E45: 358833525003762 | F45: G-S25 512GB BLUE BLACK | G45: RETURN | L45: AVAILABLE IN AGENCY | M45: =IF(E45="", "", IF(W45=0, "AVAILABLE", IF(W45 > X45, "LOANED / ON KOL", "AVAILABLE"))) -> AVAILABLE | N45: {=IF(M45="LOANED / ON KOL", INDEX('Step 3 FOC Request'!$G:$G, MATCH(1, ('Step 3 FOC Request'!$A:$A=W45) * ('Step 3 FOC Request'!$F:$F=E45), 0)), "-")} -> - | W45: =MAXIFS('Step 3 FOC Request'!$A:$A, 'Step 3 FOC Request'!$F:$F, $E45) -> 0 | X45: =MAXIFS('Step 4 FOC Return'!$A:$A, 'Step 4 FOC Return'!$E:$E, $E45) -> 0
B46: 46071 | D46: HANDPHONE | E46: 358410185008793 | F46: G-S25 256GB ICYBLUE | G46: RETURN | L46: AVAILABLE IN AGENCY | M46: =IF(E46="", "", IF(W46=0, "AVAILABLE", IF(W46 > X46, "LOANED / ON KOL", "AVAILABLE"))) -> AVAILABLE | N46: {=IF(M46="LOANED / ON KOL", INDEX('Step 3 FOC Request'!$G:$G, MATCH(1, ('Step 3 FOC Request'!$A:$A=W46) * ('Step 3 FOC Request'!$F:$F=E46), 0)), "-")} -> - | P46: BOX ONLY | W46: =MAXIFS('Step 3 FOC Request'!$A:$A, 'Step 3 FOC Request'!$F:$F, $E46) -> 0 | X46: =MAXIFS('Step 4 FOC Return'!$A:$A, 'Step 4 FOC Return'!$E:$E, $E46) -> 0
B47: 46071 | D47: HANDPHONE | E47: 354166470003055 | F47: G-S25-PLUS 256GB ICYBLUE | J47: TASHYA | L47: AVAILABLE IN AGENCY | M47: =IF(E47="", "", IF(W47=0, "AVAILABLE", IF(W47 > X47, "LOANED / ON KOL", "AVAILABLE"))) -> AVAILABLE | N47: {=IF(M47="LOANED / ON KOL", INDEX('Step 3 FOC Request'!$G:$G, MATCH(1, ('Step 3 FOC Request'!$A:$A=W47) * ('Step 3 FOC Request'!$F:$F=E47), 0)), "-")} -> - | W47: =MAXIFS('Step 3 FOC Request'!$A:$A, 'Step 3 FOC Request'!$F:$F, $E47) -> 0 | X47: =MAXIFS('Step 4 FOC Return'!$A:$A, 'Step 4 FOC Return'!$E:$E, $E47) -> 0
B48: 46071 | D48: HANDPHONE | E48: 354166470002651 | F48: G-S25-PLUS 256GB ICYBLUE | G48: RETURN | J48: MARTIN | L48: AVAILABLE IN AGENCY | M48: =IF(E48="", "", IF(W48=0, "AVAILABLE", IF(W48 > X48, "LOANED / ON KOL", "AVAILABLE"))) -> AVAILABLE | N48: {=IF(M48="LOANED / ON KOL", INDEX('Step 3 FOC Request'!$G:$G, MATCH(1, ('Step 3 FOC Request'!$A:$A=W48) * ('Step 3 FOC Request'!$F:$F=E48), 0)), "-")} -> - | P48: BOX ONLY | W48: =MAXIFS('Step 3 FOC Request'!$A:$A, 'Step 3 FOC Request'!$F:$F, $E48) -> 0 | X48: =MAXIFS('Step 4 FOC Return'!$A:$A, 'Step 4 FOC Return'!$E:$E, $E48) -> 0
B49: 46071 | D49: HANDPHONE | E49: 354166470023624 | F49: G-S25-PLUS 256GB NAVY | G49: RETURN | L49: AVAILABLE IN AGENCY | M49: =IF(E49="", "", IF(W49=0, "AVAILABLE", IF(W49 > X49, "LOANED / ON KOL", "AVAILABLE"))) -> AVAILABLE | N49: {=IF(M49="LOANED / ON KOL", INDEX('Step 3 FOC Request'!$G:$G, MATCH(1, ('Step 3 FOC Request'!$A:$A=W49) * ('Step 3 FOC Request'!$F:$F=E49), 0)), "-")} -> - | W49: =MAXIFS('Step 3 FOC Request'!$A:$A, 'Step 3 FOC Request'!$F:$F, $E49) -> 0 | X49: =MAXIFS('Step 4 FOC Return'!$A:$A, 'Step 4 FOC Return'!$E:$E, $E49) -> 0
B50: 46071 | D50: HANDPHONE | E50: 352722665255306 | F50: G-S24-ULTRA 256GB BLACK | G50: UNRETURN | L50: AVAILABLE IN AGENCY | M50: =IF(E50="", "", IF(W50=0, "AVAILABLE", IF(W50 > X50, "LOANED / ON KOL", "AVAILABLE"))) -> AVAILABLE | N50: {=IF(M50="LOANED / ON KOL", INDEX('Step 3 FOC Request'!$G:$G, MATCH(1, ('Step 3 FOC Request'!$A:$A=W50) * ('Step 3 FOC Request'!$F:$F=E50), 0)), "-")} -> - | W50: =MAXIFS('Step 3 FOC Request'!$A:$A, 'Step 3 FOC Request'!$F:$F, $E50) -> 0 | X50: =MAXIFS('Step 4 FOC Return'!$A:$A, 'Step 4 FOC Return'!$E:$E, $E50) -> 0
B51: 46071 | D51: HANDPHONE | E51: 350009210058175 | F51: G-S24-FE 256GB GRAPHITE | G51: UNRETURN | L51: AVAILABLE IN AGENCY | M51: =IF(E51="", "", IF(W51=0, "AVAILABLE", IF(W51 > X51, "LOANED / ON KOL", "AVAILABLE"))) -> AVAILABLE | N51: {=IF(M51="LOANED / ON KOL", INDEX('Step 3 FOC Request'!$G:$G, MATCH(1, ('Step 3 FOC Request'!$A:$A=W51) * ('Step 3 FOC Request'!$F:$F=E51), 0)), "-")} -> - | W51: =MAXIFS('Step 3 FOC Request'!$A:$A, 'Step 3 FOC Request'!$F:$F, $E51) -> 0 | X51: =MAXIFS('Step 4 FOC Return'!$A:$A, 'Step 4 FOC Return'!$E:$E, $E51) -> 0
B52: 46071 | D52: HANDPHONE | E52: 350009210014938 | F52: G-S24-FE 256GB GRAY | L52: AVAILABLE IN AGENCY | M52: =IF(E52="", "", IF(W52=0, "AVAILABLE", IF(W52 > X52, "LOANED / ON KOL", "AVAILABLE"))) -> AVAILABLE | N52: {=IF(M52="LOANED / ON KOL", INDEX('Step 3 FOC Request'!$G:$G, MATCH(1, ('Step 3 FOC Request'!$A:$A=W52) * ('Step 3 FOC Request'!$F:$F=E52), 0)), "-")} -> - | W52: =MAXIFS('Step 3 FOC Request'!$A:$A, 'Step 3 FOC Request'!$F:$F, $E52) -> 0 | X52: =MAXIFS('Step 4 FOC Return'!$A:$A, 'Step 4 FOC Return'!$E:$E, $E52) -> 0
B53: 46071 | D53: HANDPHONE | E53: 350009210308620 | F53: G-S24-FE 256GB GRAY | L53: AVAILABLE IN AGENCY | M53: =IF(E53="", "", IF(W53=0, "AVAILABLE", IF(W53 > X53, "LOANED / ON KOL", "AVAILABLE"))) -> AVAILABLE | N53: {=IF(M53="LOANED / ON KOL", INDEX('Step 3 FOC Request'!$G:$G, MATCH(1, ('Step 3 FOC Request'!$A:$A=W53) * ('Step 3 FOC Request'!$F:$F=E53), 0)), "-")} -> - | W53: =MAXIFS('Step 3 FOC Request'!$A:$A, 'Step 3 FOC Request'!$F:$F, $E53) -> 0 | X53: =MAXIFS('Step 4 FOC Return'!$A:$A, 'Step 4 FOC Return'!$E:$E, $E53) -> 0
B54: 46071 | D54: HANDPHONE | E54: 354922130002477 | F54: G-S25-EDGE 256GB JETBLACK | L54: AVAILABLE IN AGENCY | M54: =IF(E54="", "", IF(W54=0, "AVAILABLE", IF(W54 > X54, "LOANED / ON KOL", "AVAILABLE"))) -> AVAILABLE | N54: {=IF(M54="LOANED / ON KOL", INDEX('Step 3 FOC Request'!$G:$G, MATCH(1, ('Step 3 FOC Request'!$A:$A=W54) * ('Step 3 FOC Request'!$F:$F=E54), 0)), "-")} -> - | W54: =MAXIFS('Step 3 FOC Request'!$A:$A, 'Step 3 FOC Request'!$F:$F, $E54) -> 0 | X54: =MAXIFS('Step 4 FOC Return'!$A:$A, 'Step 4 FOC Return'!$E:$E, $E54) -> 0
B55: 46071 | D55: HANDPHONE | E55: 354922130011890 | F55: G-S25-EDGE 256GB SILVER | J55: TASHYA | L55: AVAILABLE IN AGENCY | M55: =IF(E55="", "", IF(W55=0, "AVAILABLE", IF(W55 > X55, "LOANED / ON KOL", "AVAILABLE"))) -> AVAILABLE | N55: {=IF(M55="LOANED / ON KOL", INDEX('Step 3 FOC Request'!$G:$G, MATCH(1, ('Step 3 FOC Request'!$A:$A=W55) * ('Step 3 FOC Request'!$F:$F=E55), 0)), "-")} -> - | W55: =MAXIFS('Step 3 FOC Request'!$A:$A, 'Step 3 FOC Request'!$F:$F, $E55) -> 0 | X55: =MAXIFS('Step 4 FOC Return'!$A:$A, 'Step 4 FOC Return'!$E:$E, $E55) -> 0
B56: 46071 | D56: HANDPHONE | E56: 354922130002147 | F56: G-S25-EDGE 256GB ICYBLUE | G56: UNRETURN | J56: MARTIN | L56: AVAILABLE IN AGENCY | M56: =IF(E56="", "", IF(W56=0, "AVAILABLE", IF(W56 > X56, "LOANED / ON KOL", "AVAILABLE"))) -> AVAILABLE | N56: {=IF(M56="LOANED / ON KOL", INDEX('Step 3 FOC Request'!$G:$G, MATCH(1, ('Step 3 FOC Request'!$A:$A=W56) * ('Step 3 FOC Request'!$F:$F=E56), 0)), "-")} -> - | W56: =MAXIFS('Step 3 FOC Request'!$A:$A, 'Step 3 FOC Request'!$F:$F, $E56) -> 0 | X56: =MAXIFS('Step 4 FOC Return'!$A:$A, 'Step 4 FOC Return'!$E:$E, $E56) -> 0
B57: 46071 | D57: HANDPHONE | E57: 354922130016030 | F57: G-S25-EDGE 256GB SILVER | G57: RETURN | J57: TASHYA | L57: AVAILABLE IN AGENCY | M57: =IF(E57="", "", IF(W57=0, "AVAILABLE", IF(W57 > X57, "LOANED / ON KOL", "AVAILABLE"))) -> AVAILABLE | N57: {=IF(M57="LOANED / ON KOL", INDEX('Step 3 FOC Request'!$G:$G, MATCH(1, ('Step 3 FOC Request'!$A:$A=W57) * ('Step 3 FOC Request'!$F:$F=E57), 0)), "-")} -> - | P57: UNIT ONLY | W57: =MAXIFS('Step 3 FOC Request'!$A:$A, 'Step 3 FOC Request'!$F:$F, $E57) -> 0 | X57: =MAXIFS('Step 4 FOC Return'!$A:$A, 'Step 4 FOC Return'!$E:$E, $E57) -> 0
B58: 46071 | D58: HANDPHONE | E58: 354922130002469 | F58: G-S25-EDGE 256GB JETBLACK | G58: RETURN | J58: CHRISYE | L58: AVAILABLE IN AGENCY | M58: =IF(E58="", "", IF(W58=0, "AVAILABLE", IF(W58 > X58, "LOANED / ON KOL", "AVAILABLE"))) -> AVAILABLE | N58: {=IF(M58="LOANED / ON KOL", INDEX('Step 3 FOC Request'!$G:$G, MATCH(1, ('Step 3 FOC Request'!$A:$A=W58) * ('Step 3 FOC Request'!$F:$F=E58), 0)), "-")} -> - | P58: BOX ONLY | W58: =MAXIFS('Step 3 FOC Request'!$A:$A, 'Step 3 FOC Request'!$F:$F, $E58) -> 0 | X58: =MAXIFS('Step 4 FOC Return'!$A:$A, 'Step 4 FOC Return'!$E:$E, $E58) -> 0
B59: 46071 | D59: HANDPHONE | E59: 352901540005314 | F59: G-S25-ULTRA 256GB SILVER | G59: RETURN | L59: AVAILABLE IN AGENCY | M59: =IF(E59="", "", IF(W59=0, "AVAILABLE", IF(W59 > X59, "LOANED / ON KOL", "AVAILABLE"))) -> LOANED / ON KOL | N59: {=IF(M59="LOANED / ON KOL", INDEX('Step 3 FOC Request'!$G:$G, MATCH(1, ('Step 3 FOC Request'!$A:$A=W59) * ('Step 3 FOC Request'!$F:$F=E59), 0)), "-")} -> Luddy | W59: =MAXIFS('Step 3 FOC Request'!$A:$A, 'Step 3 FOC Request'!$F:$F, $E59) -> 46076.812 | X59: =MAXIFS('Step 4 FOC Return'!$A:$A, 'Step 4 FOC Return'!$E:$E, $E59) -> 0
B60: 46071 | D60: HANDPHONE | E60: 350716260005050 | F60: G-M15-5G 128GB BLUE | G60: UNRETURN | J60: RIZAL | L60: AVAILABLE IN AGENCY | M60: =IF(E60="", "", IF(W60=0, "AVAILABLE", IF(W60 > X60, "LOANED / ON KOL", "AVAILABLE"))) -> AVAILABLE | N60: {=IF(M60="LOANED / ON KOL", INDEX('Step 3 FOC Request'!$G:$G, MATCH(1, ('Step 3 FOC Request'!$A:$A=W60) * ('Step 3 FOC Request'!$F:$F=E60), 0)), "-")} -> - | W60: =MAXIFS('Step 3 FOC Request'!$A:$A, 'Step 3 FOC Request'!$F:$F, $E60) -> 0 | X60: =MAXIFS('Step 4 FOC Return'!$A:$A, 'Step 4 FOC Return'!$E:$E, $E60) -> 0
B61: 46071 | D61: HANDPHONE | E61: 350716260161952 | F61: G-M15-5G 128GB GRAY | J61: RIZAL | L61: AVAILABLE IN AGENCY | M61: =IF(E61="", "", IF(W61=0, "AVAILABLE", IF(W61 > X61, "LOANED / ON KOL", "AVAILABLE"))) -> AVAILABLE | N61: {=IF(M61="LOANED / ON KOL", INDEX('Step 3 FOC Request'!$G:$G, MATCH(1, ('Step 3 FOC Request'!$A:$A=W61) * ('Step 3 FOC Request'!$F:$F=E61), 0)), "-")} -> - | W61: =MAXIFS('Step 3 FOC Request'!$A:$A, 'Step 3 FOC Request'!$F:$F, $E61) -> 0 | X61: =MAXIFS('Step 4 FOC Return'!$A:$A, 'Step 4 FOC Return'!$E:$E, $E61) -> 0
B62: 46071 | D62: HANDPHONE | E62: 350716260143398 | F62: G-M15-5G 128GB GRAY | J62: RIZAL | L62: AVAILABLE IN AGENCY | M62: =IF(E62="", "", IF(W62=0, "AVAILABLE", IF(W62 > X62, "LOANED / ON KOL", "AVAILABLE"))) -> AVAILABLE | N62: {=IF(M62="LOANED / ON KOL", INDEX('Step 3 FOC Request'!$G:$G, MATCH(1, ('Step 3 FOC Request'!$A:$A=W62) * ('Step 3 FOC Request'!$F:$F=E62), 0)), "-")} -> - | W62: =MAXIFS('Step 3 FOC Request'!$A:$A, 'Step 3 FOC Request'!$F:$F, $E62) -> 0 | X62: =MAXIFS('Step 4 FOC Return'!$A:$A, 'Step 4 FOC Return'!$E:$E, $E62) -> 0
B63: 46071 | D63: HANDPHONE | E63: 350716260016271 | F63: G-M15-5G 128GB GRAY | L63: AVAILABLE IN AGENCY | M63: =IF(E63="", "", IF(W63=0, "AVAILABLE", IF(W63 > X63, "LOANED / ON KOL", "AVAILABLE"))) -> AVAILABLE | N63: {=IF(M63="LOANED / ON KOL", INDEX('Step 3 FOC Request'!$G:$G, MATCH(1, ('Step 3 FOC Request'!$A:$A=W63) * ('Step 3 FOC Request'!$F:$F=E63), 0)), "-")} -> - | W63: =MAXIFS('Step 3 FOC Request'!$A:$A, 'Step 3 FOC Request'!$F:$F, $E63) -> 0 | X63: =MAXIFS('Step 4 FOC Return'!$A:$A, 'Step 4 FOC Return'!$E:$E, $E63) -> 0
B64: 46071 | D64: HANDPHONE | E64: 350716260022352 | F64: G-M15-5G 128GB GRAY | G64: UNRETURN | J64: RIZAL | L64: AVAILABLE IN AGENCY | M64: =IF(E64="", "", IF(W64=0, "AVAILABLE", IF(W64 > X64, "LOANED / ON KOL", "AVAILABLE"))) -> AVAILABLE | N64: {=IF(M64="LOANED / ON KOL", INDEX('Step 3 FOC Request'!$G:$G, MATCH(1, ('Step 3 FOC Request'!$A:$A=W64) * ('Step 3 FOC Request'!$F:$F=E64), 0)), "-")} -> - | W64: =MAXIFS('Step 3 FOC Request'!$A:$A, 'Step 3 FOC Request'!$F:$F, $E64) -> 0 | X64: =MAXIFS('Step 4 FOC Return'!$A:$A, 'Step 4 FOC Return'!$E:$E, $E64) -> 0
B65: 46071 | D65: HANDPHONE | E65: 353567821133866 | F65: G-A26-5G 256GB BLACK | G65: UNRETURN | J65: SALMA | L65: AVAILABLE IN AGENCY | M65: =IF(E65="", "", IF(W65=0, "AVAILABLE", IF(W65 > X65, "LOANED / ON KOL", "AVAILABLE"))) -> AVAILABLE | N65: {=IF(M65="LOANED / ON KOL", INDEX('Step 3 FOC Request'!$G:$G, MATCH(1, ('Step 3 FOC Request'!$A:$A=W65) * ('Step 3 FOC Request'!$F:$F=E65), 0)), "-")} -> - | W65: =MAXIFS('Step 3 FOC Request'!$A:$A, 'Step 3 FOC Request'!$F:$F, $E65) -> 0 | X65: =MAXIFS('Step 4 FOC Return'!$A:$A, 'Step 4 FOC Return'!$E:$E, $E65) -> 0
B66: 46071 | D66: HANDPHONE | E66: 353567821056356 | F66: G-A26-5G 256GB PEACH PINK | G66: UNRETURN | J66: SALMA | L66: AVAILABLE IN AGENCY | M66: =IF(E66="", "", IF(W66=0, "AVAILABLE", IF(W66 > X66, "LOANED / ON KOL", "AVAILABLE"))) -> AVAILABLE | N66: {=IF(M66="LOANED / ON KOL", INDEX('Step 3 FOC Request'!$G:$G, MATCH(1, ('Step 3 FOC Request'!$A:$A=W66) * ('Step 3 FOC Request'!$F:$F=E66), 0)), "-")} -> - | W66: =MAXIFS('Step 3 FOC Request'!$A:$A, 'Step 3 FOC Request'!$F:$F, $E66) -> 0 | X66: =MAXIFS('Step 4 FOC Return'!$A:$A, 'Step 4 FOC Return'!$E:$E, $E66) -> 0
B67: 46071 | D67: HANDPHONE | E67: 353567821046225 | F67: G-A26-5G 256GB MINT | G67: UNRETURN | J67: SALMA | L67: AVAILABLE IN AGENCY | M67: =IF(E67="", "", IF(W67=0, "AVAILABLE", IF(W67 > X67, "LOANED / ON KOL", "AVAILABLE"))) -> AVAILABLE | N67: {=IF(M67="LOANED / ON KOL", INDEX('Step 3 FOC Request'!$G:$G, MATCH(1, ('Step 3 FOC Request'!$A:$A=W67) * ('Step 3 FOC Request'!$F:$F=E67), 0)), "-")} -> - | W67: =MAXIFS('Step 3 FOC Request'!$A:$A, 'Step 3 FOC Request'!$F:$F, $E67) -> 0 | X67: =MAXIFS('Step 4 FOC Return'!$A:$A, 'Step 4 FOC Return'!$E:$E, $E67) -> 0
B68: 46071 | D68: TAB | E68: RR2X400240M | F68: G-TAB-S6-LITE 128GB GRAY | G68: RETURN | L68: AVAILABLE IN AGENCY | M68: =IF(E68="", "", IF(W68=0, "AVAILABLE", IF(W68 > X68, "LOANED / ON KOL", "AVAILABLE"))) -> AVAILABLE | N68: {=IF(M68="LOANED / ON KOL", INDEX('Step 3 FOC Request'!$G:$G, MATCH(1, ('Step 3 FOC Request'!$A:$A=W68) * ('Step 3 FOC Request'!$F:$F=E68), 0)), "-")} -> - | P68: BOX ONLY | W68: =MAXIFS('Step 3 FOC Request'!$A:$A, 'Step 3 FOC Request'!$F:$F, $E68) -> 0 | X68: =MAXIFS('Step 4 FOC Return'!$A:$A, 'Step 4 FOC Return'!$E:$E, $E68) -> 0
B69: 46071 | D69: ACCESORIES | E69: RF7Y900171KCIS | F69: ACC HHP, KEYBOARD TAB S11 | J69: REZA | L69: AVAILABLE IN AGENCY | M69: =IF(E69="", "", IF(W69=0, "AVAILABLE", IF(W69 > X69, "LOANED / ON KOL", "AVAILABLE"))) -> AVAILABLE | N69: {=IF(M69="LOANED / ON KOL", INDEX('Step 3 FOC Request'!$G:$G, MATCH(1, ('Step 3 FOC Request'!$A:$A=W69) * ('Step 3 FOC Request'!$F:$F=E69), 0)), "-")} -> - | W69: =MAXIFS('Step 3 FOC Request'!$A:$A, 'Step 3 FOC Request'!$F:$F, $E69) -> 0 | X69: =MAXIFS('Step 4 FOC Return'!$A:$A, 'Step 4 FOC Return'!$E:$E, $E69) -> 0
B70: 46071 | D70: TAB | E70: 352650610019099 | F70: G-TAB-S11-5G 256GB GRAY | J70: REZA | L70: AVAILABLE IN AGENCY | M70: =IF(E70="", "", IF(W70=0, "AVAILABLE", IF(W70 > X70, "LOANED / ON KOL", "AVAILABLE"))) -> LOANED / ON KOL | N70: {=IF(M70="LOANED / ON KOL", INDEX('Step 3 FOC Request'!$G:$G, MATCH(1, ('Step 3 FOC Request'!$A:$A=W70) * ('Step 3 FOC Request'!$F:$F=E70), 0)), "-")} -> Reza Febs | W70: =MAXIFS('Step 3 FOC Request'!$A:$A, 'Step 3 FOC Request'!$F:$F, $E70) -> 46071.715 | X70: =MAXIFS('Step 4 FOC Return'!$A:$A, 'Step 4 FOC Return'!$E:$E, $E70) -> 0
B71: 46071 | D71: HANDPHONE | E71: 351182450353603 | F71: G-A16-5G 256GB BLACK | G71: UNRETURN | J71: RIZAL | L71: AVAILABLE IN AGENCY | M71: =IF(E71="", "", IF(W71=0, "AVAILABLE", IF(W71 > X71, "LOANED / ON KOL", "AVAILABLE"))) -> AVAILABLE | N71: {=IF(M71="LOANED / ON KOL", INDEX('Step 3 FOC Request'!$G:$G, MATCH(1, ('Step 3 FOC Request'!$A:$A=W71) * ('Step 3 FOC Request'!$F:$F=E71), 0)), "-")} -> - | W71: =MAXIFS('Step 3 FOC Request'!$A:$A, 'Step 3 FOC Request'!$F:$F, $E71) -> 0 | X71: =MAXIFS('Step 4 FOC Return'!$A:$A, 'Step 4 FOC Return'!$E:$E, $E71) -> 0
B72: 46071 | D72: HANDPHONE | E72: 351182450157541 | F72: G-A16-5G 256GB WHITE | G72: UNRETURN | J72: RIZAL | L72: AVAILABLE IN AGENCY | M72: =IF(E72="", "", IF(W72=0, "AVAILABLE", IF(W72 > X72, "LOANED / ON KOL", "AVAILABLE"))) -> AVAILABLE | N72: {=IF(M72="LOANED / ON KOL", INDEX('Step 3 FOC Request'!$G:$G, MATCH(1, ('Step 3 FOC Request'!$A:$A=W72) * ('Step 3 FOC Request'!$F:$F=E72), 0)), "-")} -> - | W72: =MAXIFS('Step 3 FOC Request'!$A:$A, 'Step 3 FOC Request'!$F:$F, $E72) -> 0 | X72: =MAXIFS('Step 4 FOC Return'!$A:$A, 'Step 4 FOC Return'!$E:$E, $E72) -> 0
B73: 46071 | D73: HANDPHONE | E73: 352978780026440 | F73: G-A06 64GB LIGHT BLUE | G73: UNRETURN | J73: RIZAL | L73: AVAILABLE IN AGENCY | M73: =IF(E73="", "", IF(W73=0, "AVAILABLE", IF(W73 > X73, "LOANED / ON KOL", "AVAILABLE"))) -> AVAILABLE | N73: {=IF(M73="LOANED / ON KOL", INDEX('Step 3 FOC Request'!$G:$G, MATCH(1, ('Step 3 FOC Request'!$A:$A=W73) * ('Step 3 FOC Request'!$F:$F=E73), 0)), "-")} -> - | W73: =MAXIFS('Step 3 FOC Request'!$A:$A, 'Step 3 FOC Request'!$F:$F, $E73) -> 0 | X73: =MAXIFS('Step 4 FOC Return'!$A:$A, 'Step 4 FOC Return'!$E:$E, $E73) -> 0
B74: 46071 | D74: HANDPHONE | E74: 352978780013521 | F74: G-A06 64GB BLACK | G74: UNRETURN | J74: RIZAL | L74: AVAILABLE IN AGENCY | M74: =IF(E74="", "", IF(W74=0, "AVAILABLE", IF(W74 > X74, "LOANED / ON KOL", "AVAILABLE"))) -> AVAILABLE | N74: {=IF(M74="LOANED / ON KOL", INDEX('Step 3 FOC Request'!$G:$G, MATCH(1, ('Step 3 FOC Request'!$A:$A=W74) * ('Step 3 FOC Request'!$F:$F=E74), 0)), "-")} -> - | W74: =MAXIFS('Step 3 FOC Request'!$A:$A, 'Step 3 FOC Request'!$F:$F, $E74) -> 0 | X74: =MAXIFS('Step 4 FOC Return'!$A:$A, 'Step 4 FOC Return'!$E:$E, $E74) -> 0
B75: 46071 | D75: HANDPHONE | E75: 350334720924322 | F75: G-A06-5G 128GB LIGHT GRAY | G75: UNRETURN | J75: ADISTI | L75: AVAILABLE IN AGENCY | M75: =IF(E75="", "", IF(W75=0, "AVAILABLE", IF(W75 > X75, "LOANED / ON KOL", "AVAILABLE"))) -> AVAILABLE | N75: {=IF(M75="LOANED / ON KOL", INDEX('Step 3 FOC Request'!$G:$G, MATCH(1, ('Step 3 FOC Request'!$A:$A=W75) * ('Step 3 FOC Request'!$F:$F=E75), 0)), "-")} -> - | W75: =MAXIFS('Step 3 FOC Request'!$A:$A, 'Step 3 FOC Request'!$F:$F, $E75) -> 0 | X75: =MAXIFS('Step 4 FOC Return'!$A:$A, 'Step 4 FOC Return'!$E:$E, $E75) -> 0
B76: 46071 | D76: HANDPHONE | E76: 350334721179090 | F76: G-A06-5G 128GB LIGHT GREEN | G76: UNRETURN | J76: ADISTI | L76: AVAILABLE IN AGENCY | M76: =IF(E76="", "", IF(W76=0, "AVAILABLE", IF(W76 > X76, "LOANED / ON KOL", "AVAILABLE"))) -> AVAILABLE | N76: {=IF(M76="LOANED / ON KOL", INDEX('Step 3 FOC Request'!$G:$G, MATCH(1, ('Step 3 FOC Request'!$A:$A=W76) * ('Step 3 FOC Request'!$F:$F=E76), 0)), "-")} -> - | W76: =MAXIFS('Step 3 FOC Request'!$A:$A, 'Step 3 FOC Request'!$F:$F, $E76) -> 0 | X76: =MAXIFS('Step 4 FOC Return'!$A:$A, 'Step 4 FOC Return'!$E:$E, $E76) -> 0
B77: 46071 | D77: HANDPHONE | E77: 358410185005450 | F77: G-S25 256GB MINT | G77: RETURN | L77: AVAILABLE IN AGENCY | M77: =IF(E77="", "", IF(W77=0, "AVAILABLE", IF(W77 > X77, "LOANED / ON KOL", "AVAILABLE"))) -> AVAILABLE | N77: {=IF(M77="LOANED / ON KOL", INDEX('Step 3 FOC Request'!$G:$G, MATCH(1, ('Step 3 FOC Request'!$A:$A=W77) * ('Step 3 FOC Request'!$F:$F=E77), 0)), "-")} -> - | W77: =MAXIFS('Step 3 FOC Request'!$A:$A, 'Step 3 FOC Request'!$F:$F, $E77) -> 0 | X77: =MAXIFS('Step 4 FOC Return'!$A:$A, 'Step 4 FOC Return'!$E:$E, $E77) -> 0
B78: 46071 | D78: HANDPHONE | E78: 351298320095388 | F78: G-S25-FE 256GB ICYBLUE | L78: AVAILABLE IN AGENCY | M78: =IF(E78="", "", IF(W78=0, "AVAILABLE", IF(W78 > X78, "LOANED / ON KOL", "AVAILABLE"))) -> AVAILABLE | N78: {=IF(M78="LOANED / ON KOL", INDEX('Step 3 FOC Request'!$G:$G, MATCH(1, ('Step 3 FOC Request'!$A:$A=W78) * ('Step 3 FOC Request'!$F:$F=E78), 0)), "-")} -> - | W78: =MAXIFS('Step 3 FOC Request'!$A:$A, 'Step 3 FOC Request'!$F:$F, $E78) -> 0 | X78: =MAXIFS('Step 4 FOC Return'!$A:$A, 'Step 4 FOC Return'!$E:$E, $E78) -> 0
B79: 46071 | D79: HANDPHONE | E79: 350009210024854 | F79: G-S24-FE 256GB GRAY | G79: RETURN | J79: LIA | L79: AVAILABLE IN AGENCY | M79: =IF(E79="", "", IF(W79=0, "AVAILABLE", IF(W79 > X79, "LOANED / ON KOL", "AVAILABLE"))) -> AVAILABLE | N79: {=IF(M79="LOANED / ON KOL", INDEX('Step 3 FOC Request'!$G:$G, MATCH(1, ('Step 3 FOC Request'!$A:$A=W79) * ('Step 3 FOC Request'!$F:$F=E79), 0)), "-")} -> - | W79: =MAXIFS('Step 3 FOC Request'!$A:$A, 'Step 3 FOC Request'!$F:$F, $E79) -> 0 | X79: =MAXIFS('Step 4 FOC Return'!$A:$A, 'Step 4 FOC Return'!$E:$E, $E79) -> 0
B80: 46071 | D80: HANDPHONE | E80: 352722665024850 | F80: G-S24-ULTRA 256GB GRAY | G80: RETURN | J80: RIZAL | L80: AVAILABLE IN AGENCY | M80: =IF(E80="", "", IF(W80=0, "AVAILABLE", IF(W80 > X80, "LOANED / ON KOL", "AVAILABLE"))) -> AVAILABLE | N80: {=IF(M80="LOANED / ON KOL", INDEX('Step 3 FOC Request'!$G:$G, MATCH(1, ('Step 3 FOC Request'!$A:$A=W80) * ('Step 3 FOC Request'!$F:$F=E80), 0)), "-")} -> - | W80: =MAXIFS('Step 3 FOC Request'!$A:$A, 'Step 3 FOC Request'!$F:$F, $E80) -> 0 | X80: =MAXIFS('Step 4 FOC Return'!$A:$A, 'Step 4 FOC Return'!$E:$E, $E80) -> 0
B81: 46071 | D81: HANDPHONE | E81: 350009210001670 | F81: G-S24-FE 256GB GRAPHITE | G81: UNRETURN | J81: SALMA | L81: AVAILABLE IN AGENCY | M81: =IF(E81="", "", IF(W81=0, "AVAILABLE", IF(W81 > X81, "LOANED / ON KOL", "AVAILABLE"))) -> AVAILABLE | N81: {=IF(M81="LOANED / ON KOL", INDEX('Step 3 FOC Request'!$G:$G, MATCH(1, ('Step 3 FOC Request'!$A:$A=W81) * ('Step 3 FOC Request'!$F:$F=E81), 0)), "-")} -> - | W81: =MAXIFS('Step 3 FOC Request'!$A:$A, 'Step 3 FOC Request'!$F:$F, $E81) -> 0 | X81: =MAXIFS('Step 4 FOC Return'!$A:$A, 'Step 4 FOC Return'!$E:$E, $E81) -> 0
B82: 46071 | D82: HANDPHONE | E82: 351298320096238 | F82: G-S25-FE 256GB ICYBLUE | J82: ALIYA | L82: AVAILABLE IN AGENCY | M82: =IF(E82="", "", IF(W82=0, "AVAILABLE", IF(W82 > X82, "LOANED / ON KOL", "AVAILABLE"))) -> LOANED / ON KOL | N82: {=IF(M82="LOANED / ON KOL", INDEX('Step 3 FOC Request'!$G:$G, MATCH(1, ('Step 3 FOC Request'!$A:$A=W82) * ('Step 3 FOC Request'!$F:$F=E82), 0)), "-")} -> Dico Ricardo | W82: =MAXIFS('Step 3 FOC Request'!$A:$A, 'Step 3 FOC Request'!$F:$F, $E82) -> 46073.614 | X82: =MAXIFS('Step 4 FOC Return'!$A:$A, 'Step 4 FOC Return'!$E:$E, $E82) -> 0
B83: 46071 | D83: HANDPHONE | E83: 350798022214048 | F83: G-Z-FLIP7 BLUE SHADOW | L83: AVAILABLE IN AGENCY | M83: =IF(E83="", "", IF(W83=0, "AVAILABLE", IF(W83 > X83, "LOANED / ON KOL", "AVAILABLE"))) -> LOANED / ON KOL | N83: {=IF(M83="LOANED / ON KOL", INDEX('Step 3 FOC Request'!$G:$G, MATCH(1, ('Step 3 FOC Request'!$A:$A=W83) * ('Step 3 FOC Request'!$F:$F=E83), 0)), "-")} -> Nurina Khansa | P83: LOST PHONE | W83: =MAXIFS('Step 3 FOC Request'!$A:$A, 'Step 3 FOC Request'!$F:$F, $E83) -> 46078.493 | X83: =MAXIFS('Step 4 FOC Return'!$A:$A, 'Step 4 FOC Return'!$E:$E, $E83) -> 0
B84: 46071 | D84: HANDPHONE | E84: 354166470027385 | F84: G-S25-PLUS 256GB SILVER SHADOW | G84: RETURN | L84: AVAILABLE IN AGENCY | M84: =IF(E84="", "", IF(W84=0, "AVAILABLE", IF(W84 > X84, "LOANED / ON KOL", "AVAILABLE"))) -> AVAILABLE | N84: {=IF(M84="LOANED / ON KOL", INDEX('Step 3 FOC Request'!$G:$G, MATCH(1, ('Step 3 FOC Request'!$A:$A=W84) * ('Step 3 FOC Request'!$F:$F=E84), 0)), "-")} -> - | W84: =MAXIFS('Step 3 FOC Request'!$A:$A, 'Step 3 FOC Request'!$F:$F, $E84) -> 0 | X84: =MAXIFS('Step 4 FOC Return'!$A:$A, 'Step 4 FOC Return'!$E:$E, $E84) -> 0
B85: 46071 | D85: HANDPHONE | E85: 351298320002400 | F85: G-S25-FE 256GB WHITE | J85: ALIYA | L85: AVAILABLE IN AGENCY | M85: =IF(E85="", "", IF(W85=0, "AVAILABLE", IF(W85 > X85, "LOANED / ON KOL", "AVAILABLE"))) -> AVAILABLE | N85: {=IF(M85="LOANED / ON KOL", INDEX('Step 3 FOC Request'!$G:$G, MATCH(1, ('Step 3 FOC Request'!$A:$A=W85) * ('Step 3 FOC Request'!$F:$F=E85), 0)), "-")} -> - | W85: =MAXIFS('Step 3 FOC Request'!$A:$A, 'Step 3 FOC Request'!$F:$F, $E85) -> 0 | X85: =MAXIFS('Step 4 FOC Return'!$A:$A, 'Step 4 FOC Return'!$E:$E, $E85) -> 0
B86: 46071 | D86: HANDPHONE | E86: 354922130003632 | F86: G-S25-EDGE 256GB SILVER | G86: UNRETURN | J86: MARTIN | L86: AVAILABLE IN AGENCY | M86: =IF(E86="", "", IF(W86=0, "AVAILABLE", IF(W86 > X86, "LOANED / ON KOL", "AVAILABLE"))) -> AVAILABLE | N86: {=IF(M86="LOANED / ON KOL", INDEX('Step 3 FOC Request'!$G:$G, MATCH(1, ('Step 3 FOC Request'!$A:$A=W86) * ('Step 3 FOC Request'!$F:$F=E86), 0)), "-")} -> - | W86: =MAXIFS('Step 3 FOC Request'!$A:$A, 'Step 3 FOC Request'!$F:$F, $E86) -> 0 | X86: =MAXIFS('Step 4 FOC Return'!$A:$A, 'Step 4 FOC Return'!$E:$E, $E86) -> 0
B87: 46071 | D87: HANDPHONE | E87: 351298320105054 | F87: G-S25-FE 256GB ICYBLUE | J87: MARTIN | L87: AVAILABLE IN AGENCY | M87: =IF(E87="", "", IF(W87=0, "AVAILABLE", IF(W87 > X87, "LOANED / ON KOL", "AVAILABLE"))) -> AVAILABLE | N87: {=IF(M87="LOANED / ON KOL", INDEX('Step 3 FOC Request'!$G:$G, MATCH(1, ('Step 3 FOC Request'!$A:$A=W87) * ('Step 3 FOC Request'!$F:$F=E87), 0)), "-")} -> - | W87: =MAXIFS('Step 3 FOC Request'!$A:$A, 'Step 3 FOC Request'!$F:$F, $E87) -> 0 | X87: =MAXIFS('Step 4 FOC Return'!$A:$A, 'Step 4 FOC Return'!$E:$E, $E87) -> 0
B88: 46071 | D88: HANDPHONE | E88: 355500720229855 | F88: G A17 128GB LIGHT BLUE | L88: AVAILABLE IN AGENCY | M88: =IF(E88="", "", IF(W88=0, "AVAILABLE", IF(W88 > X88, "LOANED / ON KOL", "AVAILABLE"))) -> AVAILABLE | N88: {=IF(M88="LOANED / ON KOL", INDEX('Step 3 FOC Request'!$G:$G, MATCH(1, ('Step 3 FOC Request'!$A:$A=W88) * ('Step 3 FOC Request'!$F:$F=E88), 0)), "-")} -> - | W88: =MAXIFS('Step 3 FOC Request'!$A:$A, 'Step 3 FOC Request'!$F:$F, $E88) -> 0 | X88: =MAXIFS('Step 4 FOC Return'!$A:$A, 'Step 4 FOC Return'!$E:$E, $E88) -> 0
B89: 46071 | D89: HANDPHONE | E89: 355500720299494 | F89: G A17 128GB GRAY | L89: AVAILABLE IN AGENCY | M89: =IF(E89="", "", IF(W89=0, "AVAILABLE", IF(W89 > X89, "LOANED / ON KOL", "AVAILABLE"))) -> AVAILABLE | N89: {=IF(M89="LOANED / ON KOL", INDEX('Step 3 FOC Request'!$G:$G, MATCH(1, ('Step 3 FOC Request'!$A:$A=W89) * ('Step 3 FOC Request'!$F:$F=E89), 0)), "-")} -> - | W89: =MAXIFS('Step 3 FOC Request'!$A:$A, 'Step 3 FOC Request'!$F:$F, $E89) -> 0 | X89: =MAXIFS('Step 4 FOC Return'!$A:$A, 'Step 4 FOC Return'!$E:$E, $E89) -> 0
B90: 46071 | D90: HANDPHONE | E90: 355851150277777 | F90: G A17-5G 128GB GRAY | G90: UNRETURN | J90: OLIV | L90: AVAILABLE IN AGENCY | M90: =IF(E90="", "", IF(W90=0, "AVAILABLE", IF(W90 > X90, "LOANED / ON KOL", "AVAILABLE"))) -> AVAILABLE | N90: {=IF(M90="LOANED / ON KOL", INDEX('Step 3 FOC Request'!$G:$G, MATCH(1, ('Step 3 FOC Request'!$A:$A=W90) * ('Step 3 FOC Request'!$F:$F=E90), 0)), "-")} -> - | W90: =MAXIFS('Step 3 FOC Request'!$A:$A, 'Step 3 FOC Request'!$F:$F, $E90) -> 0 | X90: =MAXIFS('Step 4 FOC Return'!$A:$A, 'Step 4 FOC Return'!$E:$E, $E90) -> 0
B91: 46071 | D91: HANDPHONE | E91: 355851150217377 | F91: G A17-5G 128GB BLUE | G91: UNRETURN | J91: OLIV | L91: AVAILABLE IN AGENCY | M91: =IF(E91="", "", IF(W91=0, "AVAILABLE", IF(W91 > X91, "LOANED / ON KOL", "AVAILABLE"))) -> LOANED / ON KOL | N91: {=IF(M91="LOANED / ON KOL", INDEX('Step 3 FOC Request'!$G:$G, MATCH(1, ('Step 3 FOC Request'!$A:$A=W91) * ('Step 3 FOC Request'!$F:$F=E91), 0)), "-")} -> Mang Ucup | W91: =MAXIFS('Step 3 FOC Request'!$A:$A, 'Step 3 FOC Request'!$F:$F, $E91) -> 46090.774 | X91: =MAXIFS('Step 4 FOC Return'!$A:$A, 'Step 4 FOC Return'!$E:$E, $E91) -> 0
B92: 46071 | D92: TAB | E92: R9RL103CZJX | F92: G-TAB-A11-KIDS | G92: RETURN | L92: AVAILABLE IN AGENCY | M92: =IF(E92="", "", IF(W92=0, "AVAILABLE", IF(W92 > X92, "LOANED / ON KOL", "AVAILABLE"))) -> AVAILABLE | N92: {=IF(M92="LOANED / ON KOL", INDEX('Step 3 FOC Request'!$G:$G, MATCH(1, ('Step 3 FOC Request'!$A:$A=W92) * ('Step 3 FOC Request'!$F:$F=E92), 0)), "-")} -> - | W92: =MAXIFS('Step 3 FOC Request'!$A:$A, 'Step 3 FOC Request'!$F:$F, $E92) -> 0 | X92: =MAXIFS('Step 4 FOC Return'!$A:$A, 'Step 4 FOC Return'!$E:$E, $E92) -> 0
B93: 46071 | D93: TAB | E93: R9RL103C5XM | F93: G-TAB-A11-KIDS | G93: RETURN | L93: AVAILABLE IN AGENCY | M93: =IF(E93="", "", IF(W93=0, "AVAILABLE", IF(W93 > X93, "LOANED / ON KOL", "AVAILABLE"))) -> AVAILABLE | N93: {=IF(M93="LOANED / ON KOL", INDEX('Step 3 FOC Request'!$G:$G, MATCH(1, ('Step 3 FOC Request'!$A:$A=W93) * ('Step 3 FOC Request'!$F:$F=E93), 0)), "-")} -> - | W93: =MAXIFS('Step 3 FOC Request'!$A:$A, 'Step 3 FOC Request'!$F:$F, $E93) -> 0 | X93: =MAXIFS('Step 4 FOC Return'!$A:$A, 'Step 4 FOC Return'!$E:$E, $E93) -> 0
B94: 46071 | D94: TAB | E94: R9RL102XHMN | F94: G-TAB-A11-KIDS | G94: RETURN | L94: AVAILABLE IN AGENCY | M94: =IF(E94="", "", IF(W94=0, "AVAILABLE", IF(W94 > X94, "LOANED / ON KOL", "AVAILABLE"))) -> AVAILABLE | N94: {=IF(M94="LOANED / ON KOL", INDEX('Step 3 FOC Request'!$G:$G, MATCH(1, ('Step 3 FOC Request'!$A:$A=W94) * ('Step 3 FOC Request'!$F:$F=E94), 0)), "-")} -> - | W94: =MAXIFS('Step 3 FOC Request'!$A:$A, 'Step 3 FOC Request'!$F:$F, $E94) -> 0 | X94: =MAXIFS('Step 4 FOC Return'!$A:$A, 'Step 4 FOC Return'!$E:$E, $E94) -> 0
B95: 46071 | D95: TAB | E95: R9RL103C5BM | F95: G-TAB-A11-KIDS | G95: RETURN | L95: AVAILABLE IN AGENCY | M95: =IF(E95="", "", IF(W95=0, "AVAILABLE", IF(W95 > X95, "LOANED / ON KOL", "AVAILABLE"))) -> AVAILABLE | N95: {=IF(M95="LOANED / ON KOL", INDEX('Step 3 FOC Request'!$G:$G, MATCH(1, ('Step 3 FOC Request'!$A:$A=W95) * ('Step 3 FOC Request'!$F:$F=E95), 0)), "-")} -> - | W95: =MAXIFS('Step 3 FOC Request'!$A:$A, 'Step 3 FOC Request'!$F:$F, $E95) -> 0 | X95: =MAXIFS('Step 4 FOC Return'!$A:$A, 'Step 4 FOC Return'!$E:$E, $E95) -> 0
B96: 46071 | D96: TAB | E96: R9RL103C42V | F96: G-TAB-A11-KIDS | G96: UNRETURN | L96: AVAILABLE IN AGENCY | M96: =IF(E96="", "", IF(W96=0, "AVAILABLE", IF(W96 > X96, "LOANED / ON KOL", "AVAILABLE"))) -> AVAILABLE | N96: {=IF(M96="LOANED / ON KOL", INDEX('Step 3 FOC Request'!$G:$G, MATCH(1, ('Step 3 FOC Request'!$A:$A=W96) * ('Step 3 FOC Request'!$F:$F=E96), 0)), "-")} -> - | W96: =MAXIFS('Step 3 FOC Request'!$A:$A, 'Step 3 FOC Request'!$F:$F, $E96) -> 0 | X96: =MAXIFS('Step 4 FOC Return'!$A:$A, 'Step 4 FOC Return'!$E:$E, $E96) -> 0
B97: 46071 | D97: TAB | E97: R9RL103DD6H | F97: G-TAB-A11-KIDS | G97: UNRETURN | L97: AVAILABLE IN AGENCY | M97: =IF(E97="", "", IF(W97=0, "AVAILABLE", IF(W97 > X97, "LOANED / ON KOL", "AVAILABLE"))) -> AVAILABLE | N97: {=IF(M97="LOANED / ON KOL", INDEX('Step 3 FOC Request'!$G:$G, MATCH(1, ('Step 3 FOC Request'!$A:$A=W97) * ('Step 3 FOC Request'!$F:$F=E97), 0)), "-")} -> - | W97: =MAXIFS('Step 3 FOC Request'!$A:$A, 'Step 3 FOC Request'!$F:$F, $E97) -> 0 | X97: =MAXIFS('Step 4 FOC Return'!$A:$A, 'Step 4 FOC Return'!$E:$E, $E97) -> 0
B98: 46071 | D98: TAB | E98: R9RL103D8ZR | F98: G-TAB-A11-KIDS | G98: UNRETURN | L98: AVAILABLE IN AGENCY | M98: =IF(E98="", "", IF(W98=0, "AVAILABLE", IF(W98 > X98, "LOANED / ON KOL", "AVAILABLE"))) -> AVAILABLE | N98: {=IF(M98="LOANED / ON KOL", INDEX('Step 3 FOC Request'!$G:$G, MATCH(1, ('Step 3 FOC Request'!$A:$A=W98) * ('Step 3 FOC Request'!$F:$F=E98), 0)), "-")} -> - | W98: =MAXIFS('Step 3 FOC Request'!$A:$A, 'Step 3 FOC Request'!$F:$F, $E98) -> 0 | X98: =MAXIFS('Step 4 FOC Return'!$A:$A, 'Step 4 FOC Return'!$E:$E, $E98) -> 0
B99: 46071 | D99: TAB | E99: R9RL103CJ6V | F99: G-TAB-A11-KIDS | G99: UNRETURN | L99: AVAILABLE IN AGENCY | M99: =IF(E99="", "", IF(W99=0, "AVAILABLE", IF(W99 > X99, "LOANED / ON KOL", "AVAILABLE"))) -> AVAILABLE | N99: {=IF(M99="LOANED / ON KOL", INDEX('Step 3 FOC Request'!$G:$G, MATCH(1, ('Step 3 FOC Request'!$A:$A=W99) * ('Step 3 FOC Request'!$F:$F=E99), 0)), "-")} -> - | W99: =MAXIFS('Step 3 FOC Request'!$A:$A, 'Step 3 FOC Request'!$F:$F, $E99) -> 0 | X99: =MAXIFS('Step 4 FOC Return'!$A:$A, 'Step 4 FOC Return'!$E:$E, $E99) -> 0
B100: 46071 | D100: TAB | E100: R9RL103DE3M | F100: G-TAB-A11-KIDS | G100: UNRETURN | L100: AVAILABLE IN AGENCY | M100: =IF(E100="", "", IF(W100=0, "AVAILABLE", IF(W100 > X100, "LOANED / ON KOL", "AVAILABLE"))) -> AVAILABLE | N100: {=IF(M100="LOANED / ON KOL", INDEX('Step 3 FOC Request'!$G:$G, MATCH(1, ('Step 3 FOC Request'!$A:$A=W100) * ('Step 3 FOC Request'!$F:$F=E100), 0)), "-")} -> - | W100: =MAXIFS('Step 3 FOC Request'!$A:$A, 'Step 3 FOC Request'!$F:$F, $E100) -> 0 | X100: =MAXIFS('Step 4 FOC Return'!$A:$A, 'Step 4 FOC Return'!$E:$E, $E100) -> 0
...

Sheet Step 2.1 FOC Return
B1: =IFERROR(__xludf.DUMMYFUNCTION("QUERY('Step 1 Data Bank'!B:P, ""SELECT * WHERE G = 'RETURN'"", 1) "),"DATE OF RECEIPT") -> DATE OF RECEIPT | C1: =IFERROR(__xludf.DUMMYFUNCTION("""COMPUTED_VALUE"""),"SEIN PIC NAME") -> SEIN PIC NAME | D1: =IFERROR(__xludf.DUMMYFUNCTION("""COMPUTED_VALUE"""),"FOC TYPE") -> FOC TYPE | E1: =IFERROR(__xludf.DUMMYFUNCTION("""COMPUTED_VALUE"""),"SERIAL NUMBER (IMEI/SN)") -> SERIAL NUMBER (IMEI/SN) | F1: =IFERROR(__xludf.DUMMYFUNCTION("""COMPUTED_VALUE"""),"UNIT NAME") -> UNIT NAME | G1: =IFERROR(__xludf.DUMMYFUNCTION("""COMPUTED_VALUE"""),"FOC STATUS") -> FOC STATUS | H1: =IFERROR(__xludf.DUMMYFUNCTION("""COMPUTED_VALUE"""),"PLANNED RETURN DATE") -> PLANNED RETURN DATE | I1: =IFERROR(__xludf.DUMMYFUNCTION("""COMPUTED_VALUE"""),"RECEIVED DATE TIME STAMP (LINK)") -> RECEIVED DATE TIME STAMP (LINK) | J1: =IFERROR(__xludf.DUMMYFUNCTION("""COMPUTED_VALUE"""),"GOAT PIC (PLANNER)") -> GOAT PIC (PLANNER) | K1: =IFERROR(__xludf.DUMMYFUNCTION("""COMPUTED_VALUE"""),"CAMPAIGN NAME") -> CAMPAIGN NAME | L1: =IFERROR(__xludf.DUMMYFUNCTION("""COMPUTED_VALUE"""),"STATUS") -> STATUS | M1: =IFERROR(__xludf.DUMMYFUNCTION("""COMPUTED_VALUE"""),"STATUS LOCATION") -> STATUS LOCATION | N1: =IFERROR(__xludf.DUMMYFUNCTION("""COMPUTED_VALUE"""),"ON HOLDER") -> ON HOLDER | O1: =IFERROR(__xludf.DUMMYFUNCTION("""COMPUTED_VALUE"""),"RETURN TO TCC RECEIPT (LINK)") -> RETURN TO TCC RECEIPT (LINK) | P1: =IFERROR(__xludf.DUMMYFUNCTION("""COMPUTED_VALUE"""),"COMMENTS") -> COMMENTS
B2: =IFERROR(__xludf.DUMMYFUNCTION("""COMPUTED_VALUE"""),46065.0) -> 46065 | C2: =IFERROR(__xludf.DUMMYFUNCTION("""COMPUTED_VALUE"""),"YAYA") -> YAYA | D2: =IFERROR(__xludf.DUMMYFUNCTION("""COMPUTED_VALUE"""),"HANDPHONE") -> HANDPHONE | E2: =IFERROR(__xludf.DUMMYFUNCTION("""COMPUTED_VALUE"""),3.51225503076083E14) -> 351225503076083 | F2: =IFERROR(__xludf.DUMMYFUNCTION("""COMPUTED_VALUE"""),"G-A07 RAMADHAN PACKAGE") -> G-A07 RAMADHAN PACKAGE | G2: =IFERROR(__xludf.DUMMYFUNCTION("""COMPUTED_VALUE"""),"RETURN") -> RETURN | H2: =IFERROR(__xludf.DUMMYFUNCTION("""COMPUTED_VALUE"""),46172.0) -> 46172 | J2: =IFERROR(__xludf.DUMMYFUNCTION("""COMPUTED_VALUE"""),"TASHYA") -> TASHYA | L2: =IFERROR(__xludf.DUMMYFUNCTION("""COMPUTED_VALUE"""),"AVAILABLE IN AGENCY") -> AVAILABLE IN AGENCY | M2: =IFERROR(__xludf.DUMMYFUNCTION("""COMPUTED_VALUE"""),"LOANED / ON KOL") -> LOANED / ON KOL | N2: =IFERROR(__xludf.DUMMYFUNCTION("""COMPUTED_VALUE"""),"Mushdalifah ( Aman)") -> Mushdalifah ( Aman)
B3: =IFERROR(__xludf.DUMMYFUNCTION("""COMPUTED_VALUE"""),46065.0) -> 46065 | C3: =IFERROR(__xludf.DUMMYFUNCTION("""COMPUTED_VALUE"""),"YAYA") -> YAYA | D3: =IFERROR(__xludf.DUMMYFUNCTION("""COMPUTED_VALUE"""),"HANDPHONE") -> HANDPHONE | E3: =IFERROR(__xludf.DUMMYFUNCTION("""COMPUTED_VALUE"""),3.51225503087627E14) -> 351225503087627 | F3: =IFERROR(__xludf.DUMMYFUNCTION("""COMPUTED_VALUE"""),"G-A07 RAMADHAN PACKAGE") -> G-A07 RAMADHAN PACKAGE | G3: =IFERROR(__xludf.DUMMYFUNCTION("""COMPUTED_VALUE"""),"RETURN") -> RETURN | H3: =IFERROR(__xludf.DUMMYFUNCTION("""COMPUTED_VALUE"""),46172.0) -> 46172 | J3: =IFERROR(__xludf.DUMMYFUNCTION("""COMPUTED_VALUE"""),"TASHYA") -> TASHYA | L3: =IFERROR(__xludf.DUMMYFUNCTION("""COMPUTED_VALUE"""),"AVAILABLE IN AGENCY") -> AVAILABLE IN AGENCY | M3: =IFERROR(__xludf.DUMMYFUNCTION("""COMPUTED_VALUE"""),"LOANED / ON KOL") -> LOANED / ON KOL | N3: =IFERROR(__xludf.DUMMYFUNCTION("""COMPUTED_VALUE"""),"AMHAD FADHILLA") -> AMHAD FADHILLA
B4: =IFERROR(__xludf.DUMMYFUNCTION("""COMPUTED_VALUE"""),46065.0) -> 46065 | C4: =IFERROR(__xludf.DUMMYFUNCTION("""COMPUTED_VALUE"""),"YAYA") -> YAYA | D4: =IFERROR(__xludf.DUMMYFUNCTION("""COMPUTED_VALUE"""),"HANDPHONE") -> HANDPHONE | E4: =IFERROR(__xludf.DUMMYFUNCTION("""COMPUTED_VALUE"""),3.51225503088054E14) -> 351225503088054 | F4: =IFERROR(__xludf.DUMMYFUNCTION("""COMPUTED_VALUE"""),"G-A07 RAMADHAN PACKAGE") -> G-A07 RAMADHAN PACKAGE | G4: =IFERROR(__xludf.DUMMYFUNCTION("""COMPUTED_VALUE"""),"RETURN") -> RETURN | H4: =IFERROR(__xludf.DUMMYFUNCTION("""COMPUTED_VALUE"""),46172.0) -> 46172 | J4: =IFERROR(__xludf.DUMMYFUNCTION("""COMPUTED_VALUE"""),"TASHYA") -> TASHYA | L4: =IFERROR(__xludf.DUMMYFUNCTION("""COMPUTED_VALUE"""),"AVAILABLE IN AGENCY") -> AVAILABLE IN AGENCY | M4: =IFERROR(__xludf.DUMMYFUNCTION("""COMPUTED_VALUE"""),"AVAILABLE") -> AVAILABLE | N4: =IFERROR(__xludf.DUMMYFUNCTION("""COMPUTED_VALUE"""),"-") -> -
B5: =IFERROR(__xludf.DUMMYFUNCTION("""COMPUTED_VALUE"""),46065.0) -> 46065 | C5: =IFERROR(__xludf.DUMMYFUNCTION("""COMPUTED_VALUE"""),"YAYA") -> YAYA | D5: =IFERROR(__xludf.DUMMYFUNCTION("""COMPUTED_VALUE"""),"HANDPHONE") -> HANDPHONE | E5: =IFERROR(__xludf.DUMMYFUNCTION("""COMPUTED_VALUE"""),3.51225503077255E14) -> 351225503077255 | F5: =IFERROR(__xludf.DUMMYFUNCTION("""COMPUTED_VALUE"""),"G-A07 RAMADHAN PACKAGE") -> G-A07 RAMADHAN PACKAGE | G5: =IFERROR(__xludf.DUMMYFUNCTION("""COMPUTED_VALUE"""),"RETURN") -> RETURN | H5: =IFERROR(__xludf.DUMMYFUNCTION("""COMPUTED_VALUE"""),46172.0) -> 46172 | J5: =IFERROR(__xludf.DUMMYFUNCTION("""COMPUTED_VALUE"""),"TASHYA") -> TASHYA | L5: =IFERROR(__xludf.DUMMYFUNCTION("""COMPUTED_VALUE"""),"AVAILABLE IN AGENCY") -> AVAILABLE IN AGENCY | M5: =IFERROR(__xludf.DUMMYFUNCTION("""COMPUTED_VALUE"""),"LOANED / ON KOL") -> LOANED / ON KOL | N5: =IFERROR(__xludf.DUMMYFUNCTION("""COMPUTED_VALUE"""),"Helin Alvia") -> Helin Alvia
B6: =IFERROR(__xludf.DUMMYFUNCTION("""COMPUTED_VALUE"""),46065.0) -> 46065 | C6: =IFERROR(__xludf.DUMMYFUNCTION("""COMPUTED_VALUE"""),"YAYA") -> YAYA | D6: =IFERROR(__xludf.DUMMYFUNCTION("""COMPUTED_VALUE"""),"BUDS") -> BUDS | F6: =IFERROR(__xludf.DUMMYFUNCTION("""COMPUTED_VALUE"""),"G-BUDS4-PRO GOLD (2026)") -> G-BUDS4-PRO GOLD (2026) | G6: =IFERROR(__xludf.DUMMYFUNCTION("""COMPUTED_VALUE"""),"RETURN") -> RETURN | H6: =IFERROR(__xludf.DUMMYFUNCTION("""COMPUTED_VALUE"""),46203.0) -> 46203 | J6: =IFERROR(__xludf.DUMMYFUNCTION("""COMPUTED_VALUE"""),"ABIGAIL") -> ABIGAIL | K6: =IFERROR(__xludf.DUMMYFUNCTION("""COMPUTED_VALUE"""),"Galaxy Buds4 Launch") -> Galaxy Buds4 Launch | L6: =IFERROR(__xludf.DUMMYFUNCTION("""COMPUTED_VALUE"""),"AVAILABLE IN AGENCY") -> AVAILABLE IN AGENCY | M6: =IFERROR(__xludf.DUMMYFUNCTION("""COMPUTED_VALUE"""),"LOANED / ON KOL") -> LOANED / ON KOL | N6: =IFERROR(__xludf.DUMMYFUNCTION("""COMPUTED_VALUE"""),"Jeffry Reksa") -> Jeffry Reksa
B7: =IFERROR(__xludf.DUMMYFUNCTION("""COMPUTED_VALUE"""),46065.0) -> 46065 | C7: =IFERROR(__xludf.DUMMYFUNCTION("""COMPUTED_VALUE"""),"YAYA") -> YAYA | D7: =IFERROR(__xludf.DUMMYFUNCTION("""COMPUTED_VALUE"""),"BUDS") -> BUDS | F7: =IFERROR(__xludf.DUMMYFUNCTION("""COMPUTED_VALUE"""),"G-BUDS4-PRO GOLD (2026)") -> G-BUDS4-PRO GOLD (2026) | G7: =IFERROR(__xludf.DUMMYFUNCTION("""COMPUTED_VALUE"""),"RETURN") -> RETURN | H7: =IFERROR(__xludf.DUMMYFUNCTION("""COMPUTED_VALUE"""),46203.0) -> 46203 | J7: =IFERROR(__xludf.DUMMYFUNCTION("""COMPUTED_VALUE"""),"ABIGAIL") -> ABIGAIL | K7: =IFERROR(__xludf.DUMMYFUNCTION("""COMPUTED_VALUE"""),"Galaxy Buds4 Launch") -> Galaxy Buds4 Launch | L7: =IFERROR(__xludf.DUMMYFUNCTION("""COMPUTED_VALUE"""),"AVAILABLE IN AGENCY") -> AVAILABLE IN AGENCY | M7: =IFERROR(__xludf.DUMMYFUNCTION("""COMPUTED_VALUE"""),"LOANED / ON KOL") -> LOANED / ON KOL | N7: =IFERROR(__xludf.DUMMYFUNCTION("""COMPUTED_VALUE"""),"Maysha Juan") -> Maysha Juan
B8: =IFERROR(__xludf.DUMMYFUNCTION("""COMPUTED_VALUE"""),46065.0) -> 46065 | C8: =IFERROR(__xludf.DUMMYFUNCTION("""COMPUTED_VALUE"""),"YAYA") -> YAYA | D8: =IFERROR(__xludf.DUMMYFUNCTION("""COMPUTED_VALUE"""),"BUDS") -> BUDS | F8: =IFERROR(__xludf.DUMMYFUNCTION("""COMPUTED_VALUE"""),"G-BUDS4-PRO WHITE (2026)") -> G-BUDS4-PRO WHITE (2026) | G8: =IFERROR(__xludf.DUMMYFUNCTION("""COMPUTED_VALUE"""),"RETURN") -> RETURN | H8: =IFERROR(__xludf.DUMMYFUNCTION("""COMPUTED_VALUE"""),46203.0) -> 46203 | J8: =IFERROR(__xludf.DUMMYFUNCTION("""COMPUTED_VALUE"""),"ABIGAIL") -> ABIGAIL | K8: =IFERROR(__xludf.DUMMYFUNCTION("""COMPUTED_VALUE"""),"Galaxy Buds4 Launch") -> Galaxy Buds4 Launch | L8: =IFERROR(__xludf.DUMMYFUNCTION("""COMPUTED_VALUE"""),"AVAILABLE IN AGENCY") -> AVAILABLE IN AGENCY | M8: =IFERROR(__xludf.DUMMYFUNCTION("""COMPUTED_VALUE"""),"LOANED / ON KOL") -> LOANED / ON KOL | N8: =IFERROR(__xludf.DUMMYFUNCTION("""COMPUTED_VALUE"""),"Jevin Julian") -> Jevin Julian
B9: =IFERROR(__xludf.DUMMYFUNCTION("""COMPUTED_VALUE"""),46065.0) -> 46065 | C9: =IFERROR(__xludf.DUMMYFUNCTION("""COMPUTED_VALUE"""),"YAYA") -> YAYA | D9: =IFERROR(__xludf.DUMMYFUNCTION("""COMPUTED_VALUE"""),"BUDS") -> BUDS | F9: =IFERROR(__xludf.DUMMYFUNCTION("""COMPUTED_VALUE"""),"G-BUDS4-PRO WHITE (2026)") -> G-BUDS4-PRO WHITE (2026) | G9: =IFERROR(__xludf.DUMMYFUNCTION("""COMPUTED_VALUE"""),"RETURN") -> RETURN | H9: =IFERROR(__xludf.DUMMYFUNCTION("""COMPUTED_VALUE"""),46203.0) -> 46203 | J9: =IFERROR(__xludf.DUMMYFUNCTION("""COMPUTED_VALUE"""),"ABIGAIL") -> ABIGAIL | K9: =IFERROR(__xludf.DUMMYFUNCTION("""COMPUTED_VALUE"""),"Galaxy Buds4 Launch") -> Galaxy Buds4 Launch | L9: =IFERROR(__xludf.DUMMYFUNCTION("""COMPUTED_VALUE"""),"AVAILABLE IN AGENCY") -> AVAILABLE IN AGENCY | M9: =IFERROR(__xludf.DUMMYFUNCTION("""COMPUTED_VALUE"""),"LOANED / ON KOL") -> LOANED / ON KOL | N9: =IFERROR(__xludf.DUMMYFUNCTION("""COMPUTED_VALUE"""),"Naura Ayu") -> Naura Ayu
B10: =IFERROR(__xludf.DUMMYFUNCTION("""COMPUTED_VALUE"""),46065.0) -> 46065 | C10: =IFERROR(__xludf.DUMMYFUNCTION("""COMPUTED_VALUE"""),"ANNELA") -> ANNELA | D10: =IFERROR(__xludf.DUMMYFUNCTION("""COMPUTED_VALUE"""),"HANDPHONE") -> HANDPHONE | E10: =IFERROR(__xludf.DUMMYFUNCTION("""COMPUTED_VALUE"""),3.54312420000854E14) -> 354312420000854 | F10: =IFERROR(__xludf.DUMMYFUNCTION("""COMPUTED_VALUE"""),"G-Z-FLIP7 256GB BLACK (2025)") -> G-Z-FLIP7 256GB BLACK (2025) | G10: =IFERROR(__xludf.DUMMYFUNCTION("""COMPUTED_VALUE"""),"RETURN") -> RETURN | H10: =IFERROR(__xludf.DUMMYFUNCTION("""COMPUTED_VALUE"""),46203.0) -> 46203 | J10: =IFERROR(__xludf.DUMMYFUNCTION("""COMPUTED_VALUE"""),"KHALIDA") -> KHALIDA | K10: =IFERROR(__xludf.DUMMYFUNCTION("""COMPUTED_VALUE"""),"DA CAMPAIGN") -> DA CAMPAIGN | L10: =IFERROR(__xludf.DUMMYFUNCTION("""COMPUTED_VALUE"""),"AVAILABLE IN AGENCY") -> AVAILABLE IN AGENCY | M10: =IFERROR(__xludf.DUMMYFUNCTION("""COMPUTED_VALUE"""),"LOANED / ON KOL") -> LOANED / ON KOL | N10: =IFERROR(__xludf.DUMMYFUNCTION("""COMPUTED_VALUE"""),"Zahral Antika") -> Zahral Antika
B11: =IFERROR(__xludf.DUMMYFUNCTION("""COMPUTED_VALUE"""),46065.0) -> 46065 | C11: =IFERROR(__xludf.DUMMYFUNCTION("""COMPUTED_VALUE"""),"ANNELA") -> ANNELA | D11: =IFERROR(__xludf.DUMMYFUNCTION("""COMPUTED_VALUE"""),"HANDPHONE") -> HANDPHONE | E11: =IFERROR(__xludf.DUMMYFUNCTION("""COMPUTED_VALUE"""),3.54312420002314E14) -> 354312420002314 | F11: =IFERROR(__xludf.DUMMYFUNCTION("""COMPUTED_VALUE"""),"G-Z-FLIP7 256GB LIGHT GREEN (2025)") -> G-Z-FLIP7 256GB LIGHT GREEN (2025) | G11: =IFERROR(__xludf.DUMMYFUNCTION("""COMPUTED_VALUE"""),"RETURN") -> RETURN | H11: =IFERROR(__xludf.DUMMYFUNCTION("""COMPUTED_VALUE"""),46203.0) -> 46203 | J11: =IFERROR(__xludf.DUMMYFUNCTION("""COMPUTED_VALUE"""),"KHALIDA") -> KHALIDA | K11: =IFERROR(__xludf.DUMMYFUNCTION("""COMPUTED_VALUE"""),"DA CAMPAIGN") -> DA CAMPAIGN | L11: =IFERROR(__xludf.DUMMYFUNCTION("""COMPUTED_VALUE"""),"AVAILABLE IN AGENCY") -> AVAILABLE IN AGENCY | M11: =IFERROR(__xludf.DUMMYFUNCTION("""COMPUTED_VALUE"""),"LOANED / ON KOL") -> LOANED / ON KOL | N11: =IFERROR(__xludf.DUMMYFUNCTION("""COMPUTED_VALUE"""),"Aliya") -> Aliya
B12: =IFERROR(__xludf.DUMMYFUNCTION("""COMPUTED_VALUE"""),46065.0) -> 46065 | C12: =IFERROR(__xludf.DUMMYFUNCTION("""COMPUTED_VALUE"""),"ANNELA") -> ANNELA | D12: =IFERROR(__xludf.DUMMYFUNCTION("""COMPUTED_VALUE"""),"HANDPHONE") -> HANDPHONE | E12: =IFERROR(__xludf.DUMMYFUNCTION("""COMPUTED_VALUE"""),3.54312420030364E14) -> 354312420030364 | F12: =IFERROR(__xludf.DUMMYFUNCTION("""COMPUTED_VALUE"""),"G-Z-FLIP7 256GB DARK BLUE (2025)") -> G-Z-FLIP7 256GB DARK BLUE (2025) | G12: =IFERROR(__xludf.DUMMYFUNCTION("""COMPUTED_VALUE"""),"RETURN") -> RETURN | H12: =IFERROR(__xludf.DUMMYFUNCTION("""COMPUTED_VALUE"""),46203.0) -> 46203 | J12: =IFERROR(__xludf.DUMMYFUNCTION("""COMPUTED_VALUE"""),"KHALIDA") -> KHALIDA | K12: =IFERROR(__xludf.DUMMYFUNCTION("""COMPUTED_VALUE"""),"DA CAMPAIGN") -> DA CAMPAIGN | L12: =IFERROR(__xludf.DUMMYFUNCTION("""COMPUTED_VALUE"""),"AVAILABLE IN AGENCY") -> AVAILABLE IN AGENCY | M12: =IFERROR(__xludf.DUMMYFUNCTION("""COMPUTED_VALUE"""),"AVAILABLE") -> AVAILABLE | N12: =IFERROR(__xludf.DUMMYFUNCTION("""COMPUTED_VALUE"""),"-") -> -
B13: =IFERROR(__xludf.DUMMYFUNCTION("""COMPUTED_VALUE"""),46065.0) -> 46065 | C13: =IFERROR(__xludf.DUMMYFUNCTION("""COMPUTED_VALUE"""),"ANNELA") -> ANNELA | D13: =IFERROR(__xludf.DUMMYFUNCTION("""COMPUTED_VALUE"""),"HANDPHONE") -> HANDPHONE | E13: =IFERROR(__xludf.DUMMYFUNCTION("""COMPUTED_VALUE"""),3.58410185002861E14) -> 358410185002861 | F13: =IFERROR(__xludf.DUMMYFUNCTION("""COMPUTED_VALUE"""),"G-S25 256GB DARK BLUE(2025)") -> G-S25 256GB DARK BLUE(2025) | G13: =IFERROR(__xludf.DUMMYFUNCTION("""COMPUTED_VALUE"""),"RETURN") -> RETURN | H13: =IFERROR(__xludf.DUMMYFUNCTION("""COMPUTED_VALUE"""),46203.0) -> 46203 | J13: =IFERROR(__xludf.DUMMYFUNCTION("""COMPUTED_VALUE"""),"KHALIDA") -> KHALIDA | K13: =IFERROR(__xludf.DUMMYFUNCTION("""COMPUTED_VALUE"""),"DA CAMPAIGN") -> DA CAMPAIGN | L13: =IFERROR(__xludf.DUMMYFUNCTION("""COMPUTED_VALUE"""),"AVAILABLE IN AGENCY") -> AVAILABLE IN AGENCY | M13: =IFERROR(__xludf.DUMMYFUNCTION("""COMPUTED_VALUE"""),"LOANED / ON KOL") -> LOANED / ON KOL | N13: =IFERROR(__xludf.DUMMYFUNCTION("""COMPUTED_VALUE"""),"Adinka") -> Adinka
B14: =IFERROR(__xludf.DUMMYFUNCTION("""COMPUTED_VALUE"""),46065.0) -> 46065 | C14: =IFERROR(__xludf.DUMMYFUNCTION("""COMPUTED_VALUE"""),"ANNELA") -> ANNELA | D14: =IFERROR(__xludf.DUMMYFUNCTION("""COMPUTED_VALUE"""),"HANDPHONE") -> HANDPHONE | E14: =IFERROR(__xludf.DUMMYFUNCTION("""COMPUTED_VALUE"""),3.58410185073425E14) -> 358410185073425 | F14: =IFERROR(__xludf.DUMMYFUNCTION("""COMPUTED_VALUE"""),"G-S25 256GB SILVER (2025)") -> G-S25 256GB SILVER (2025) | G14: =IFERROR(__xludf.DUMMYFUNCTION("""COMPUTED_VALUE"""),"RETURN") -> RETURN | H14: =IFERROR(__xludf.DUMMYFUNCTION("""COMPUTED_VALUE"""),46203.0) -> 46203 | J14: =IFERROR(__xludf.DUMMYFUNCTION("""COMPUTED_VALUE"""),"KHALIDA") -> KHALIDA | K14: =IFERROR(__xludf.DUMMYFUNCTION("""COMPUTED_VALUE"""),"DA CAMPAIGN") -> DA CAMPAIGN | L14: =IFERROR(__xludf.DUMMYFUNCTION("""COMPUTED_VALUE"""),"AVAILABLE IN AGENCY") -> AVAILABLE IN AGENCY | M14: =IFERROR(__xludf.DUMMYFUNCTION("""COMPUTED_VALUE"""),"LOANED / ON KOL") -> LOANED / ON KOL | N14: =IFERROR(__xludf.DUMMYFUNCTION("""COMPUTED_VALUE"""),"Raje") -> Raje
B15: =IFERROR(__xludf.DUMMYFUNCTION("""COMPUTED_VALUE"""),46065.0) -> 46065 | C15: =IFERROR(__xludf.DUMMYFUNCTION("""COMPUTED_VALUE"""),"ANNELA") -> ANNELA | D15: =IFERROR(__xludf.DUMMYFUNCTION("""COMPUTED_VALUE"""),"HANDPHONE") -> HANDPHONE | E15: =IFERROR(__xludf.DUMMYFUNCTION("""COMPUTED_VALUE"""),3.58410185074076E14) -> 358410185074076 | F15: =IFERROR(__xludf.DUMMYFUNCTION("""COMPUTED_VALUE"""),"G-S25 256GB SILVER(2025)") -> G-S25 256GB SILVER(2025) | G15: =IFERROR(__xludf.DUMMYFUNCTION("""COMPUTED_VALUE"""),"RETURN") -> RETURN | H15: =IFERROR(__xludf.DUMMYFUNCTION("""COMPUTED_VALUE"""),46203.0) -> 46203 | J15: =IFERROR(__xludf.DUMMYFUNCTION("""COMPUTED_VALUE"""),"KHALIDA") -> KHALIDA | K15: =IFERROR(__xludf.DUMMYFUNCTION("""COMPUTED_VALUE"""),"DA CAMPAIGN") -> DA CAMPAIGN | L15: =IFERROR(__xludf.DUMMYFUNCTION("""COMPUTED_VALUE"""),"AVAILABLE IN AGENCY") -> AVAILABLE IN AGENCY | M15: =IFERROR(__xludf.DUMMYFUNCTION("""COMPUTED_VALUE"""),"LOANED / ON KOL") -> LOANED / ON KOL | N15: =IFERROR(__xludf.DUMMYFUNCTION("""COMPUTED_VALUE"""),"Satria ") -> Satria | P15: =IFERROR(__xludf.DUMMYFUNCTION("""COMPUTED_VALUE"""),"Layar Sudah ada baret dari penerimaan awal") -> Layar Sudah ada baret dari penerimaan awal
B16: =IFERROR(__xludf.DUMMYFUNCTION("""COMPUTED_VALUE"""),46065.0) -> 46065 | C16: =IFERROR(__xludf.DUMMYFUNCTION("""COMPUTED_VALUE"""),"AKBARI") -> AKBARI | D16: =IFERROR(__xludf.DUMMYFUNCTION("""COMPUTED_VALUE"""),"TAB") -> TAB | F16: =IFERROR(__xludf.DUMMYFUNCTION("""COMPUTED_VALUE"""),"G-TAB-S11 WIFI, GRAY (2025)") -> G-TAB-S11 WIFI, GRAY (2025) | G16: =IFERROR(__xludf.DUMMYFUNCTION("""COMPUTED_VALUE"""),"RETURN") -> RETURN | H16: =IFERROR(__xludf.DUMMYFUNCTION("""COMPUTED_VALUE"""),46203.0) -> 46203 | J16: =IFERROR(__xludf.DUMMYFUNCTION("""COMPUTED_VALUE"""),"ABIGAIL") -> ABIGAIL | K16: =IFERROR(__xludf.DUMMYFUNCTION("""COMPUTED_VALUE"""),"S11 Sustence") -> S11 Sustence | L16: =IFERROR(__xludf.DUMMYFUNCTION("""COMPUTED_VALUE"""),"AVAILABLE IN AGENCY") -> AVAILABLE IN AGENCY | M16: =IFERROR(__xludf.DUMMYFUNCTION("""COMPUTED_VALUE"""),"AVAILABLE") -> AVAILABLE | N16: =IFERROR(__xludf.DUMMYFUNCTION("""COMPUTED_VALUE"""),"-") -> -
B17: =IFERROR(__xludf.DUMMYFUNCTION("""COMPUTED_VALUE"""),46065.0) -> 46065 | C17: =IFERROR(__xludf.DUMMYFUNCTION("""COMPUTED_VALUE"""),"AKBARI") -> AKBARI | D17: =IFERROR(__xludf.DUMMYFUNCTION("""COMPUTED_VALUE"""),"TAB") -> TAB | F17: =IFERROR(__xludf.DUMMYFUNCTION("""COMPUTED_VALUE"""),"G-TAB-S11 WIFI, GRAY (2025)") -> G-TAB-S11 WIFI, GRAY (2025) | G17: =IFERROR(__xludf.DUMMYFUNCTION("""COMPUTED_VALUE"""),"RETURN") -> RETURN | H17: =IFERROR(__xludf.DUMMYFUNCTION("""COMPUTED_VALUE"""),46203.0) -> 46203 | J17: =IFERROR(__xludf.DUMMYFUNCTION("""COMPUTED_VALUE"""),"ABIGAIL") -> ABIGAIL | K17: =IFERROR(__xludf.DUMMYFUNCTION("""COMPUTED_VALUE"""),"S11 Sustence") -> S11 Sustence | L17: =IFERROR(__xludf.DUMMYFUNCTION("""COMPUTED_VALUE"""),"AVAILABLE IN AGENCY") -> AVAILABLE IN AGENCY | M17: =IFERROR(__xludf.DUMMYFUNCTION("""COMPUTED_VALUE"""),"AVAILABLE") -> AVAILABLE | N17: =IFERROR(__xludf.DUMMYFUNCTION("""COMPUTED_VALUE"""),"-") -> -
B18: =IFERROR(__xludf.DUMMYFUNCTION("""COMPUTED_VALUE"""),46065.0) -> 46065 | C18: =IFERROR(__xludf.DUMMYFUNCTION("""COMPUTED_VALUE"""),"AKBARI") -> AKBARI | D18: =IFERROR(__xludf.DUMMYFUNCTION("""COMPUTED_VALUE"""),"ACCESORIES") -> ACCESORIES | F18: =IFERROR(__xludf.DUMMYFUNCTION("""COMPUTED_VALUE"""),"ACC HHP, KEYBOARD TAB S11") -> ACC HHP, KEYBOARD TAB S11 | G18: =IFERROR(__xludf.DUMMYFUNCTION("""COMPUTED_VALUE"""),"RETURN") -> RETURN | H18: =IFERROR(__xludf.DUMMYFUNCTION("""COMPUTED_VALUE"""),46203.0) -> 46203 | J18: =IFERROR(__xludf.DUMMYFUNCTION("""COMPUTED_VALUE"""),"ABIGAIL") -> ABIGAIL | K18: =IFERROR(__xludf.DUMMYFUNCTION("""COMPUTED_VALUE"""),"S11 Sustence") -> S11 Sustence | L18: =IFERROR(__xludf.DUMMYFUNCTION("""COMPUTED_VALUE"""),"AVAILABLE IN AGENCY") -> AVAILABLE IN AGENCY | M18: =IFERROR(__xludf.DUMMYFUNCTION("""COMPUTED_VALUE"""),"AVAILABLE") -> AVAILABLE | N18: =IFERROR(__xludf.DUMMYFUNCTION("""COMPUTED_VALUE"""),"-") -> -
B19: =IFERROR(__xludf.DUMMYFUNCTION("""COMPUTED_VALUE"""),46065.0) -> 46065 | C19: =IFERROR(__xludf.DUMMYFUNCTION("""COMPUTED_VALUE"""),"AKBARI") -> AKBARI | D19: =IFERROR(__xludf.DUMMYFUNCTION("""COMPUTED_VALUE"""),"ACCESORIES") -> ACCESORIES | F19: =IFERROR(__xludf.DUMMYFUNCTION("""COMPUTED_VALUE"""),"ACC HHP, KEYBOARD TAB S11") -> ACC HHP, KEYBOARD TAB S11 | G19: =IFERROR(__xludf.DUMMYFUNCTION("""COMPUTED_VALUE"""),"RETURN") -> RETURN | H19: =IFERROR(__xludf.DUMMYFUNCTION("""COMPUTED_VALUE"""),46203.0) -> 46203 | J19: =IFERROR(__xludf.DUMMYFUNCTION("""COMPUTED_VALUE"""),"ABIGAIL") -> ABIGAIL | K19: =IFERROR(__xludf.DUMMYFUNCTION("""COMPUTED_VALUE"""),"S11 Sustence") -> S11 Sustence | L19: =IFERROR(__xludf.DUMMYFUNCTION("""COMPUTED_VALUE"""),"AVAILABLE IN AGENCY") -> AVAILABLE IN AGENCY | M19: =IFERROR(__xludf.DUMMYFUNCTION("""COMPUTED_VALUE"""),"AVAILABLE") -> AVAILABLE | N19: =IFERROR(__xludf.DUMMYFUNCTION("""COMPUTED_VALUE"""),"-") -> -
B20: =IFERROR(__xludf.DUMMYFUNCTION("""COMPUTED_VALUE"""),46065.0) -> 46065 | C20: =IFERROR(__xludf.DUMMYFUNCTION("""COMPUTED_VALUE"""),"AKBARI") -> AKBARI | D20: =IFERROR(__xludf.DUMMYFUNCTION("""COMPUTED_VALUE"""),"ACCESORIES") -> ACCESORIES | F20: =IFERROR(__xludf.DUMMYFUNCTION("""COMPUTED_VALUE"""),"ACC HHP, KEYBOARD TAB S11") -> ACC HHP, KEYBOARD TAB S11 | G20: =IFERROR(__xludf.DUMMYFUNCTION("""COMPUTED_VALUE"""),"RETURN") -> RETURN | H20: =IFERROR(__xludf.DUMMYFUNCTION("""COMPUTED_VALUE"""),46203.0) -> 46203 | J20: =IFERROR(__xludf.DUMMYFUNCTION("""COMPUTED_VALUE"""),"ABIGAIL") -> ABIGAIL | K20: =IFERROR(__xludf.DUMMYFUNCTION("""COMPUTED_VALUE"""),"S11 Sustence") -> S11 Sustence | L20: =IFERROR(__xludf.DUMMYFUNCTION("""COMPUTED_VALUE"""),"AVAILABLE IN AGENCY") -> AVAILABLE IN AGENCY | M20: =IFERROR(__xludf.DUMMYFUNCTION("""COMPUTED_VALUE"""),"AVAILABLE") -> AVAILABLE | N20: =IFERROR(__xludf.DUMMYFUNCTION("""COMPUTED_VALUE"""),"-") -> -
B21: =IFERROR(__xludf.DUMMYFUNCTION("""COMPUTED_VALUE"""),46065.0) -> 46065 | C21: =IFERROR(__xludf.DUMMYFUNCTION("""COMPUTED_VALUE"""),"AKBARI") -> AKBARI | D21: =IFERROR(__xludf.DUMMYFUNCTION("""COMPUTED_VALUE"""),"TAB") -> TAB | E21: =IFERROR(__xludf.DUMMYFUNCTION("""COMPUTED_VALUE"""),3.5838712001501E14) -> 358387120015010 | F21: =IFERROR(__xludf.DUMMYFUNCTION("""COMPUTED_VALUE"""),"G-TAB-S11-ULTRA-5G GRAY (2025)") -> G-TAB-S11-ULTRA-5G GRAY (2025) | G21: =IFERROR(__xludf.DUMMYFUNCTION("""COMPUTED_VALUE"""),"RETURN") -> RETURN | H21: =IFERROR(__xludf.DUMMYFUNCTION("""COMPUTED_VALUE"""),46203.0) -> 46203 | J21: =IFERROR(__xludf.DUMMYFUNCTION("""COMPUTED_VALUE"""),"ABIGAIL") -> ABIGAIL | K21: =IFERROR(__xludf.DUMMYFUNCTION("""COMPUTED_VALUE"""),"S11 Sustence") -> S11 Sustence | L21: =IFERROR(__xludf.DUMMYFUNCTION("""COMPUTED_VALUE"""),"AVAILABLE IN AGENCY") -> AVAILABLE IN AGENCY | M21: =IFERROR(__xludf.DUMMYFUNCTION("""COMPUTED_VALUE"""),"AVAILABLE") -> AVAILABLE | N21: =IFERROR(__xludf.DUMMYFUNCTION("""COMPUTED_VALUE"""),"-") -> -
B22: =IFERROR(__xludf.DUMMYFUNCTION("""COMPUTED_VALUE"""),46065.0) -> 46065 | C22: =IFERROR(__xludf.DUMMYFUNCTION("""COMPUTED_VALUE"""),"AKBARI") -> AKBARI | D22: =IFERROR(__xludf.DUMMYFUNCTION("""COMPUTED_VALUE"""),"TAB") -> TAB | E22: =IFERROR(__xludf.DUMMYFUNCTION("""COMPUTED_VALUE"""),3.58387120018311E14) -> 358387120018311 | F22: =IFERROR(__xludf.DUMMYFUNCTION("""COMPUTED_VALUE"""),"G-TAB-S11-ULTRA-5G GRAY (2025)") -> G-TAB-S11-ULTRA-5G GRAY (2025) | G22: =IFERROR(__xludf.DUMMYFUNCTION("""COMPUTED_VALUE"""),"RETURN") -> RETURN | H22: =IFERROR(__xludf.DUMMYFUNCTION("""COMPUTED_VALUE"""),46203.0) -> 46203 | J22: =IFERROR(__xludf.DUMMYFUNCTION("""COMPUTED_VALUE"""),"ABIGAIL") -> ABIGAIL | K22: =IFERROR(__xludf.DUMMYFUNCTION("""COMPUTED_VALUE"""),"S11 Sustence") -> S11 Sustence | L22: =IFERROR(__xludf.DUMMYFUNCTION("""COMPUTED_VALUE"""),"AVAILABLE IN AGENCY") -> AVAILABLE IN AGENCY | M22: =IFERROR(__xludf.DUMMYFUNCTION("""COMPUTED_VALUE"""),"AVAILABLE") -> AVAILABLE | N22: =IFERROR(__xludf.DUMMYFUNCTION("""COMPUTED_VALUE"""),"-") -> -
B23: =IFERROR(__xludf.DUMMYFUNCTION("""COMPUTED_VALUE"""),46065.0) -> 46065 | C23: =IFERROR(__xludf.DUMMYFUNCTION("""COMPUTED_VALUE"""),"AKBARI") -> AKBARI | D23: =IFERROR(__xludf.DUMMYFUNCTION("""COMPUTED_VALUE"""),"ACCESORIES") -> ACCESORIES | F23: =IFERROR(__xludf.DUMMYFUNCTION("""COMPUTED_VALUE"""),"ACC HHP, KEYBOARD SLIM BLACK, TAB S11 ULTRA") -> ACC HHP, KEYBOARD SLIM BLACK, TAB S11 ULTRA | G23: =IFERROR(__xludf.DUMMYFUNCTION("""COMPUTED_VALUE"""),"RETURN") -> RETURN | H23: =IFERROR(__xludf.DUMMYFUNCTION("""COMPUTED_VALUE"""),46203.0) -> 46203 | J23: =IFERROR(__xludf.DUMMYFUNCTION("""COMPUTED_VALUE"""),"ABIGAIL") -> ABIGAIL | K23: =IFERROR(__xludf.DUMMYFUNCTION("""COMPUTED_VALUE"""),"S11 Sustence") -> S11 Sustence | L23: =IFERROR(__xludf.DUMMYFUNCTION("""COMPUTED_VALUE"""),"AVAILABLE IN AGENCY") -> AVAILABLE IN AGENCY | M23: =IFERROR(__xludf.DUMMYFUNCTION("""COMPUTED_VALUE"""),"AVAILABLE") -> AVAILABLE | N23: =IFERROR(__xludf.DUMMYFUNCTION("""COMPUTED_VALUE"""),"-") -> -
B24: =IFERROR(__xludf.DUMMYFUNCTION("""COMPUTED_VALUE"""),46065.0) -> 46065 | C24: =IFERROR(__xludf.DUMMYFUNCTION("""COMPUTED_VALUE"""),"AKBARI") -> AKBARI | D24: =IFERROR(__xludf.DUMMYFUNCTION("""COMPUTED_VALUE"""),"ACCESORIES") -> ACCESORIES | F24: =IFERROR(__xludf.DUMMYFUNCTION("""COMPUTED_VALUE"""),"ACC HHP, KEYBOARD SLIM BLACK, TAB S11 ULTRA") -> ACC HHP, KEYBOARD SLIM BLACK, TAB S11 ULTRA | G24: =IFERROR(__xludf.DUMMYFUNCTION("""COMPUTED_VALUE"""),"RETURN") -> RETURN | H24: =IFERROR(__xludf.DUMMYFUNCTION("""COMPUTED_VALUE"""),46203.0) -> 46203 | J24: =IFERROR(__xludf.DUMMYFUNCTION("""COMPUTED_VALUE"""),"ABIGAIL") -> ABIGAIL | K24: =IFERROR(__xludf.DUMMYFUNCTION("""COMPUTED_VALUE"""),"S11 Sustence") -> S11 Sustence | L24: =IFERROR(__xludf.DUMMYFUNCTION("""COMPUTED_VALUE"""),"AVAILABLE IN AGENCY") -> AVAILABLE IN AGENCY | M24: =IFERROR(__xludf.DUMMYFUNCTION("""COMPUTED_VALUE"""),"AVAILABLE") -> AVAILABLE | N24: =IFERROR(__xludf.DUMMYFUNCTION("""COMPUTED_VALUE"""),"-") -> -
B25: =IFERROR(__xludf.DUMMYFUNCTION("""COMPUTED_VALUE"""),46065.0) -> 46065 | C25: =IFERROR(__xludf.DUMMYFUNCTION("""COMPUTED_VALUE"""),"YAYA") -> YAYA | D25: =IFERROR(__xludf.DUMMYFUNCTION("""COMPUTED_VALUE"""),"HANDPHONE") -> HANDPHONE | E25: =IFERROR(__xludf.DUMMYFUNCTION("""COMPUTED_VALUE"""),3.55649780288085E14) -> 355649780288085 | F25: =IFERROR(__xludf.DUMMYFUNCTION("""COMPUTED_VALUE"""),"G-A07-5G 128GB LIGHT VIOLET") -> G-A07-5G 128GB LIGHT VIOLET | G25: =IFERROR(__xludf.DUMMYFUNCTION("""COMPUTED_VALUE"""),"RETURN") -> RETURN | J25: =IFERROR(__xludf.DUMMYFUNCTION("""COMPUTED_VALUE"""),"TASHYA") -> TASHYA | L25: =IFERROR(__xludf.DUMMYFUNCTION("""COMPUTED_VALUE"""),"AVAILABLE IN AGENCY") -> AVAILABLE IN AGENCY | M25: =IFERROR(__xludf.DUMMYFUNCTION("""COMPUTED_VALUE"""),"LOANED / ON KOL") -> LOANED / ON KOL | N25: =IFERROR(__xludf.DUMMYFUNCTION("""COMPUTED_VALUE"""),"VINCENT PRATAMA") -> VINCENT PRATAMA
B26: =IFERROR(__xludf.DUMMYFUNCTION("""COMPUTED_VALUE"""),46065.0) -> 46065 | C26: =IFERROR(__xludf.DUMMYFUNCTION("""COMPUTED_VALUE"""),"YAYA") -> YAYA | D26: =IFERROR(__xludf.DUMMYFUNCTION("""COMPUTED_VALUE"""),"HANDPHONE") -> HANDPHONE | E26: =IFERROR(__xludf.DUMMYFUNCTION("""COMPUTED_VALUE"""),3.55649780142837E14) -> 355649780142837 | F26: =IFERROR(__xludf.DUMMYFUNCTION("""COMPUTED_VALUE"""),"G-A07-5G 128GB LIGHT VIOLET") -> G-A07-5G 128GB LIGHT VIOLET | G26: =IFERROR(__xludf.DUMMYFUNCTION("""COMPUTED_VALUE"""),"RETURN") -> RETURN | J26: =IFERROR(__xludf.DUMMYFUNCTION("""COMPUTED_VALUE"""),"TASHYA") -> TASHYA | L26: =IFERROR(__xludf.DUMMYFUNCTION("""COMPUTED_VALUE"""),"AVAILABLE IN AGENCY") -> AVAILABLE IN AGENCY | M26: =IFERROR(__xludf.DUMMYFUNCTION("""COMPUTED_VALUE"""),"LOANED / ON KOL") -> LOANED / ON KOL | N26: =IFERROR(__xludf.DUMMYFUNCTION("""COMPUTED_VALUE"""),"Naqi") -> Naqi
B27: =IFERROR(__xludf.DUMMYFUNCTION("""COMPUTED_VALUE"""),46065.0) -> 46065 | C27: =IFERROR(__xludf.DUMMYFUNCTION("""COMPUTED_VALUE"""),"YAYA") -> YAYA | D27: =IFERROR(__xludf.DUMMYFUNCTION("""COMPUTED_VALUE"""),"HANDPHONE") -> HANDPHONE | E27: =IFERROR(__xludf.DUMMYFUNCTION("""COMPUTED_VALUE"""),3.55649780287392E14) -> 355649780287392 | F27: =IFERROR(__xludf.DUMMYFUNCTION("""COMPUTED_VALUE"""),"G-A07-5G 128GB LIGHT VIOLET") -> G-A07-5G 128GB LIGHT VIOLET | G27: =IFERROR(__xludf.DUMMYFUNCTION("""COMPUTED_VALUE"""),"RETURN") -> RETURN | J27: =IFERROR(__xludf.DUMMYFUNCTION("""COMPUTED_VALUE"""),"TASHYA") -> TASHYA | L27: =IFERROR(__xludf.DUMMYFUNCTION("""COMPUTED_VALUE"""),"AVAILABLE IN AGENCY") -> AVAILABLE IN AGENCY | M27: =IFERROR(__xludf.DUMMYFUNCTION("""COMPUTED_VALUE"""),"LOANED / ON KOL") -> LOANED / ON KOL | N27: =IFERROR(__xludf.DUMMYFUNCTION("""COMPUTED_VALUE"""),"Farhan Frisia ") -> Farhan Frisia
B28: =IFERROR(__xludf.DUMMYFUNCTION("""COMPUTED_VALUE"""),46066.0) -> 46066 | C28: =IFERROR(__xludf.DUMMYFUNCTION("""COMPUTED_VALUE"""),"MANDIE") -> MANDIE | D28: =IFERROR(__xludf.DUMMYFUNCTION("""COMPUTED_VALUE"""),"HANDPHONE") -> HANDPHONE | E28: =IFERROR(__xludf.DUMMYFUNCTION("""COMPUTED_VALUE"""),3.52901540311464E14) -> 352901540311464 | F28: =IFERROR(__xludf.DUMMYFUNCTION("""COMPUTED_VALUE"""),"G-S25-ULTRA WHITE SILVER") -> G-S25-ULTRA WHITE SILVER | G28: =IFERROR(__xludf.DUMMYFUNCTION("""COMPUTED_VALUE"""),"RETURN") -> RETURN | J28: =IFERROR(__xludf.DUMMYFUNCTION("""COMPUTED_VALUE"""),"OLIV") -> OLIV | K28: =IFERROR(__xludf.DUMMYFUNCTION("""COMPUTED_VALUE"""),"RAMADAN CAMPAIGN") -> RAMADAN CAMPAIGN | L28: =IFERROR(__xludf.DUMMYFUNCTION("""COMPUTED_VALUE"""),"AVAILABLE IN AGENCY") -> AVAILABLE IN AGENCY | M28: =IFERROR(__xludf.DUMMYFUNCTION("""COMPUTED_VALUE"""),"LOANED / ON KOL") -> LOANED / ON KOL | N28: =IFERROR(__xludf.DUMMYFUNCTION("""COMPUTED_VALUE"""),"Shafa Lubis") -> Shafa Lubis
B29: =IFERROR(__xludf.DUMMYFUNCTION("""COMPUTED_VALUE"""),46066.0) -> 46066 | C29: =IFERROR(__xludf.DUMMYFUNCTION("""COMPUTED_VALUE"""),"MANDIE") -> MANDIE | D29: =IFERROR(__xludf.DUMMYFUNCTION("""COMPUTED_VALUE"""),"HANDPHONE") -> HANDPHONE | E29: =IFERROR(__xludf.DUMMYFUNCTION("""COMPUTED_VALUE"""),3.52901540313817E14) -> 352901540313817 | F29: =IFERROR(__xludf.DUMMYFUNCTION("""COMPUTED_VALUE"""),"G-S25-ULTRA GRAY") -> G-S25-ULTRA GRAY | G29: =IFERROR(__xludf.DUMMYFUNCTION("""COMPUTED_VALUE"""),"RETURN") -> RETURN | J29: =IFERROR(__xludf.DUMMYFUNCTION("""COMPUTED_VALUE"""),"OLIV") -> OLIV | K29: =IFERROR(__xludf.DUMMYFUNCTION("""COMPUTED_VALUE"""),"RAMADAN CAMPAIGN") -> RAMADAN CAMPAIGN | L29: =IFERROR(__xludf.DUMMYFUNCTION("""COMPUTED_VALUE"""),"AVAILABLE IN AGENCY") -> AVAILABLE IN AGENCY | M29: =IFERROR(__xludf.DUMMYFUNCTION("""COMPUTED_VALUE"""),"LOANED / ON KOL") -> LOANED / ON KOL | N29: =IFERROR(__xludf.DUMMYFUNCTION("""COMPUTED_VALUE"""),"madaryanhadi") -> madaryanhadi
B30: =IFERROR(__xludf.DUMMYFUNCTION("""COMPUTED_VALUE"""),46066.0) -> 46066 | C30: =IFERROR(__xludf.DUMMYFUNCTION("""COMPUTED_VALUE"""),"MANDIE") -> MANDIE | D30: =IFERROR(__xludf.DUMMYFUNCTION("""COMPUTED_VALUE"""),"HANDPHONE") -> HANDPHONE | E30: =IFERROR(__xludf.DUMMYFUNCTION("""COMPUTED_VALUE"""),3.55626620021892E14) -> 355626620021892 | F30: =IFERROR(__xludf.DUMMYFUNCTION("""COMPUTED_VALUE"""),"G-Z-FOLD7 BLUE SHADOW") -> G-Z-FOLD7 BLUE SHADOW | G30: =IFERROR(__xludf.DUMMYFUNCTION("""COMPUTED_VALUE"""),"RETURN") -> RETURN | J30: =IFERROR(__xludf.DUMMYFUNCTION("""COMPUTED_VALUE"""),"OLIV") -> OLIV | K30: =IFERROR(__xludf.DUMMYFUNCTION("""COMPUTED_VALUE"""),"RAMADAN CAMPAIGN") -> RAMADAN CAMPAIGN | L30: =IFERROR(__xludf.DUMMYFUNCTION("""COMPUTED_VALUE"""),"AVAILABLE IN AGENCY") -> AVAILABLE IN AGENCY | M30: =IFERROR(__xludf.DUMMYFUNCTION("""COMPUTED_VALUE"""),"LOANED / ON KOL") -> LOANED / ON KOL | N30: =IFERROR(__xludf.DUMMYFUNCTION("""COMPUTED_VALUE"""),"Apip") -> Apip
B31: =IFERROR(__xludf.DUMMYFUNCTION("""COMPUTED_VALUE"""),46066.0) -> 46066 | C31: =IFERROR(__xludf.DUMMYFUNCTION("""COMPUTED_VALUE"""),"MANDIE") -> MANDIE | D31: =IFERROR(__xludf.DUMMYFUNCTION("""COMPUTED_VALUE"""),"HANDPHONE") -> HANDPHONE | E31: =IFERROR(__xludf.DUMMYFUNCTION("""COMPUTED_VALUE"""),3.54312420000599E14) -> 354312420000599 | F31: =IFERROR(__xludf.DUMMYFUNCTION("""COMPUTED_VALUE"""),"G-Z-FLIP7 JETBLACK") -> G-Z-FLIP7 JETBLACK | G31: =IFERROR(__xludf.DUMMYFUNCTION("""COMPUTED_VALUE"""),"RETURN") -> RETURN | J31: =IFERROR(__xludf.DUMMYFUNCTION("""COMPUTED_VALUE"""),"OLIV") -> OLIV | K31: =IFERROR(__xludf.DUMMYFUNCTION("""COMPUTED_VALUE"""),"RAMADAN CAMPAIGN") -> RAMADAN CAMPAIGN | L31: =IFERROR(__xludf.DUMMYFUNCTION("""COMPUTED_VALUE"""),"AVAILABLE IN AGENCY") -> AVAILABLE IN AGENCY | M31: =IFERROR(__xludf.DUMMYFUNCTION("""COMPUTED_VALUE"""),"LOANED / ON KOL") -> LOANED / ON KOL | N31: =IFERROR(__xludf.DUMMYFUNCTION("""COMPUTED_VALUE"""),"DRG Nurina") -> DRG Nurina
B32: =IFERROR(__xludf.DUMMYFUNCTION("""COMPUTED_VALUE"""),46066.0) -> 46066 | C32: =IFERROR(__xludf.DUMMYFUNCTION("""COMPUTED_VALUE"""),"YAYA") -> YAYA | D32: =IFERROR(__xludf.DUMMYFUNCTION("""COMPUTED_VALUE"""),"HANDPHONE") -> HANDPHONE | E32: =IFERROR(__xludf.DUMMYFUNCTION("""COMPUTED_VALUE"""),3.55500722565579E14) -> 355500722565579 | F32: =IFERROR(__xludf.DUMMYFUNCTION("""COMPUTED_VALUE"""),"G-A-175LTE LIGHT BLUE RAMADAN PACKAGE") -> G-A-175LTE LIGHT BLUE RAMADAN PACKAGE | G32: =IFERROR(__xludf.DUMMYFUNCTION("""COMPUTED_VALUE"""),"RETURN") -> RETURN | H32: =IFERROR(__xludf.DUMMYFUNCTION("""COMPUTED_VALUE"""),46172.0) -> 46172 | J32: =IFERROR(__xludf.DUMMYFUNCTION("""COMPUTED_VALUE"""),"TASHYA") -> TASHYA | L32: =IFERROR(__xludf.DUMMYFUNCTION("""COMPUTED_VALUE"""),"AVAILABLE IN AGENCY") -> AVAILABLE IN AGENCY | M32: =IFERROR(__xludf.DUMMYFUNCTION("""COMPUTED_VALUE"""),"LOANED / ON KOL") -> LOANED / ON KOL | N32: =IFERROR(__xludf.DUMMYFUNCTION("""COMPUTED_VALUE"""),"MEIRANI AMALIA") -> MEIRANI AMALIA
B33: =IFERROR(__xludf.DUMMYFUNCTION("""COMPUTED_VALUE"""),46066.0) -> 46066 | C33: =IFERROR(__xludf.DUMMYFUNCTION("""COMPUTED_VALUE"""),"YAYA") -> YAYA | D33: =IFERROR(__xludf.DUMMYFUNCTION("""COMPUTED_VALUE"""),"HANDPHONE") -> HANDPHONE | E33: =IFERROR(__xludf.DUMMYFUNCTION("""COMPUTED_VALUE"""),3.55500722520517E14) -> 355500722520517 | F33: =IFERROR(__xludf.DUMMYFUNCTION("""COMPUTED_VALUE"""),"G-A-175LTE BLACK RAMADAM PACKAGE") -> G-A-175LTE BLACK RAMADAM PACKAGE | G33: =IFERROR(__xludf.DUMMYFUNCTION("""COMPUTED_VALUE"""),"RETURN") -> RETURN | H33: =IFERROR(__xludf.DUMMYFUNCTION("""COMPUTED_VALUE"""),46172.0) -> 46172 | J33: =IFERROR(__xludf.DUMMYFUNCTION("""COMPUTED_VALUE"""),"TASHYA") -> TASHYA | L33: =IFERROR(__xludf.DUMMYFUNCTION("""COMPUTED_VALUE"""),"AVAILABLE IN AGENCY") -> AVAILABLE IN AGENCY | M33: =IFERROR(__xludf.DUMMYFUNCTION("""COMPUTED_VALUE"""),"LOANED / ON KOL") -> LOANED / ON KOL | N33: =IFERROR(__xludf.DUMMYFUNCTION("""COMPUTED_VALUE"""),"Cex Daniel") -> Cex Daniel
B34: =IFERROR(__xludf.DUMMYFUNCTION("""COMPUTED_VALUE"""),46066.0) -> 46066 | C34: =IFERROR(__xludf.DUMMYFUNCTION("""COMPUTED_VALUE"""),"YAYA") -> YAYA | D34: =IFERROR(__xludf.DUMMYFUNCTION("""COMPUTED_VALUE"""),"HANDPHONE") -> HANDPHONE | E34: =IFERROR(__xludf.DUMMYFUNCTION("""COMPUTED_VALUE"""),3.55500722567443E14) -> 355500722567443 | F34: =IFERROR(__xludf.DUMMYFUNCTION("""COMPUTED_VALUE"""),"G-A-175LTE LIGHT BLUE PACKAGE") -> G-A-175LTE LIGHT BLUE PACKAGE | G34: =IFERROR(__xludf.DUMMYFUNCTION("""COMPUTED_VALUE"""),"RETURN") -> RETURN | H34: =IFERROR(__xludf.DUMMYFUNCTION("""COMPUTED_VALUE"""),46172.0) -> 46172 | J34: =IFERROR(__xludf.DUMMYFUNCTION("""COMPUTED_VALUE"""),"TASHYA") -> TASHYA | L34: =IFERROR(__xludf.DUMMYFUNCTION("""COMPUTED_VALUE"""),"AVAILABLE IN AGENCY") -> AVAILABLE IN AGENCY | M34: =IFERROR(__xludf.DUMMYFUNCTION("""COMPUTED_VALUE"""),"LOANED / ON KOL") -> LOANED / ON KOL | N34: =IFERROR(__xludf.DUMMYFUNCTION("""COMPUTED_VALUE"""),"RAUDAH") -> RAUDAH
B35: =IFERROR(__xludf.DUMMYFUNCTION("""COMPUTED_VALUE"""),46071.0) -> 46071 | D35: =IFERROR(__xludf.DUMMYFUNCTION("""COMPUTED_VALUE"""),"HANDPHONE") -> HANDPHONE | E35: =IFERROR(__xludf.DUMMYFUNCTION("""COMPUTED_VALUE"""),3.50009210074339E14) -> 350009210074339 | F35: =IFERROR(__xludf.DUMMYFUNCTION("""COMPUTED_VALUE"""),"G-S24-FE 256GB GRAPHITE") -> G-S24-FE 256GB GRAPHITE | G35: =IFERROR(__xludf.DUMMYFUNCTION("""COMPUTED_VALUE"""),"RETURN") -> RETURN | J35: =IFERROR(__xludf.DUMMYFUNCTION("""COMPUTED_VALUE"""),"SALMA") -> SALMA | L35: =IFERROR(__xludf.DUMMYFUNCTION("""COMPUTED_VALUE"""),"AVAILABLE IN AGENCY") -> AVAILABLE IN AGENCY | M35: =IFERROR(__xludf.DUMMYFUNCTION("""COMPUTED_VALUE"""),"AVAILABLE") -> AVAILABLE | N35: =IFERROR(__xludf.DUMMYFUNCTION("""COMPUTED_VALUE"""),"-") -> -
B36: =IFERROR(__xludf.DUMMYFUNCTION("""COMPUTED_VALUE"""),46071.0) -> 46071 | D36: =IFERROR(__xludf.DUMMYFUNCTION("""COMPUTED_VALUE"""),"HANDPHONE") -> HANDPHONE | E36: =IFERROR(__xludf.DUMMYFUNCTION("""COMPUTED_VALUE"""),3.54922130008466E14) -> 354922130008466 | F36: =IFERROR(__xludf.DUMMYFUNCTION("""COMPUTED_VALUE"""),"G-S25-EDGE 256GB SILVER") -> G-S25-EDGE 256GB SILVER | G36: =IFERROR(__xludf.DUMMYFUNCTION("""COMPUTED_VALUE"""),"RETURN") -> RETURN | J36: =IFERROR(__xludf.DUMMYFUNCTION("""COMPUTED_VALUE"""),"CHRISYE") -> CHRISYE | L36: =IFERROR(__xludf.DUMMYFUNCTION("""COMPUTED_VALUE"""),"AVAILABLE IN AGENCY") -> AVAILABLE IN AGENCY | M36: =IFERROR(__xludf.DUMMYFUNCTION("""COMPUTED_VALUE"""),"AVAILABLE") -> AVAILABLE | N36: =IFERROR(__xludf.DUMMYFUNCTION("""COMPUTED_VALUE"""),"-") -> -
B37: =IFERROR(__xludf.DUMMYFUNCTION("""COMPUTED_VALUE"""),46071.0) -> 46071 | D37: =IFERROR(__xludf.DUMMYFUNCTION("""COMPUTED_VALUE"""),"HANDPHONE") -> HANDPHONE | E37: =IFERROR(__xludf.DUMMYFUNCTION("""COMPUTED_VALUE"""),3.58410185006722E14) -> 358410185006722 | F37: =IFERROR(__xludf.DUMMYFUNCTION("""COMPUTED_VALUE"""),"G-S25 256GB SILVER SHADOW") -> G-S25 256GB SILVER SHADOW | G37: =IFERROR(__xludf.DUMMYFUNCTION("""COMPUTED_VALUE"""),"RETURN") -> RETURN | L37: =IFERROR(__xludf.DUMMYFUNCTION("""COMPUTED_VALUE"""),"AVAILABLE IN AGENCY") -> AVAILABLE IN AGENCY | M37: =IFERROR(__xludf.DUMMYFUNCTION("""COMPUTED_VALUE"""),"AVAILABLE") -> AVAILABLE | N37: =IFERROR(__xludf.DUMMYFUNCTION("""COMPUTED_VALUE"""),"-") -> -
B38: =IFERROR(__xludf.DUMMYFUNCTION("""COMPUTED_VALUE"""),46071.0) -> 46071 | D38: =IFERROR(__xludf.DUMMYFUNCTION("""COMPUTED_VALUE"""),"HANDPHONE") -> HANDPHONE | E38: =IFERROR(__xludf.DUMMYFUNCTION("""COMPUTED_VALUE"""),3.58833525003762E14) -> 358833525003762 | F38: =IFERROR(__xludf.DUMMYFUNCTION("""COMPUTED_VALUE"""),"G-S25 512GB BLUE BLACK") -> G-S25 512GB BLUE BLACK | G38: =IFERROR(__xludf.DUMMYFUNCTION("""COMPUTED_VALUE"""),"RETURN") -> RETURN | L38: =IFERROR(__xludf.DUMMYFUNCTION("""COMPUTED_VALUE"""),"AVAILABLE IN AGENCY") -> AVAILABLE IN AGENCY | M38: =IFERROR(__xludf.DUMMYFUNCTION("""COMPUTED_VALUE"""),"AVAILABLE") -> AVAILABLE | N38: =IFERROR(__xludf.DUMMYFUNCTION("""COMPUTED_VALUE"""),"-") -> -
B39: =IFERROR(__xludf.DUMMYFUNCTION("""COMPUTED_VALUE"""),46071.0) -> 46071 | D39: =IFERROR(__xludf.DUMMYFUNCTION("""COMPUTED_VALUE"""),"HANDPHONE") -> HANDPHONE | E39: =IFERROR(__xludf.DUMMYFUNCTION("""COMPUTED_VALUE"""),3.58410185008793E14) -> 358410185008793 | F39: =IFERROR(__xludf.DUMMYFUNCTION("""COMPUTED_VALUE"""),"G-S25 256GB ICYBLUE") -> G-S25 256GB ICYBLUE | G39: =IFERROR(__xludf.DUMMYFUNCTION("""COMPUTED_VALUE"""),"RETURN") -> RETURN | L39: =IFERROR(__xludf.DUMMYFUNCTION("""COMPUTED_VALUE"""),"AVAILABLE IN AGENCY") -> AVAILABLE IN AGENCY | M39: =IFERROR(__xludf.DUMMYFUNCTION("""COMPUTED_VALUE"""),"AVAILABLE") -> AVAILABLE | N39: =IFERROR(__xludf.DUMMYFUNCTION("""COMPUTED_VALUE"""),"-") -> - | P39: =IFERROR(__xludf.DUMMYFUNCTION("""COMPUTED_VALUE"""),"BOX ONLY") -> BOX ONLY
B40: =IFERROR(__xludf.DUMMYFUNCTION("""COMPUTED_VALUE"""),46071.0) -> 46071 | D40: =IFERROR(__xludf.DUMMYFUNCTION("""COMPUTED_VALUE"""),"HANDPHONE") -> HANDPHONE | E40: =IFERROR(__xludf.DUMMYFUNCTION("""COMPUTED_VALUE"""),3.54166470002651E14) -> 354166470002651 | F40: =IFERROR(__xludf.DUMMYFUNCTION("""COMPUTED_VALUE"""),"G-S25-PLUS 256GB ICYBLUE") -> G-S25-PLUS 256GB ICYBLUE | G40: =IFERROR(__xludf.DUMMYFUNCTION("""COMPUTED_VALUE"""),"RETURN") -> RETURN | J40: =IFERROR(__xludf.DUMMYFUNCTION("""COMPUTED_VALUE"""),"MARTIN") -> MARTIN | L40: =IFERROR(__xludf.DUMMYFUNCTION("""COMPUTED_VALUE"""),"AVAILABLE IN AGENCY") -> AVAILABLE IN AGENCY | M40: =IFERROR(__xludf.DUMMYFUNCTION("""COMPUTED_VALUE"""),"AVAILABLE") -> AVAILABLE | N40: =IFERROR(__xludf.DUMMYFUNCTION("""COMPUTED_VALUE"""),"-") -> - | P40: =IFERROR(__xludf.DUMMYFUNCTION("""COMPUTED_VALUE"""),"BOX ONLY") -> BOX ONLY
B41: =IFERROR(__xludf.DUMMYFUNCTION("""COMPUTED_VALUE"""),46071.0) -> 46071 | D41: =IFERROR(__xludf.DUMMYFUNCTION("""COMPUTED_VALUE"""),"HANDPHONE") -> HANDPHONE | E41: =IFERROR(__xludf.DUMMYFUNCTION("""COMPUTED_VALUE"""),3.54166470023624E14) -> 354166470023624 | F41: =IFERROR(__xludf.DUMMYFUNCTION("""COMPUTED_VALUE"""),"G-S25-PLUS 256GB NAVY") -> G-S25-PLUS 256GB NAVY | G41: =IFERROR(__xludf.DUMMYFUNCTION("""COMPUTED_VALUE"""),"RETURN") -> RETURN | L41: =IFERROR(__xludf.DUMMYFUNCTION("""COMPUTED_VALUE"""),"AVAILABLE IN AGENCY") -> AVAILABLE IN AGENCY | M41: =IFERROR(__xludf.DUMMYFUNCTION("""COMPUTED_VALUE"""),"AVAILABLE") -> AVAILABLE | N41: =IFERROR(__xludf.DUMMYFUNCTION("""COMPUTED_VALUE"""),"-") -> -
B42: =IFERROR(__xludf.DUMMYFUNCTION("""COMPUTED_VALUE"""),46071.0) -> 46071 | D42: =IFERROR(__xludf.DUMMYFUNCTION("""COMPUTED_VALUE"""),"HANDPHONE") -> HANDPHONE | E42: =IFERROR(__xludf.DUMMYFUNCTION("""COMPUTED_VALUE"""),3.5492213001603E14) -> 354922130016030 | F42: =IFERROR(__xludf.DUMMYFUNCTION("""COMPUTED_VALUE"""),"G-S25-EDGE 256GB SILVER") -> G-S25-EDGE 256GB SILVER | G42: =IFERROR(__xludf.DUMMYFUNCTION("""COMPUTED_VALUE"""),"RETURN") -> RETURN | J42: =IFERROR(__xludf.DUMMYFUNCTION("""COMPUTED_VALUE"""),"TASHYA") -> TASHYA | L42: =IFERROR(__xludf.DUMMYFUNCTION("""COMPUTED_VALUE"""),"AVAILABLE IN AGENCY") -> AVAILABLE IN AGENCY | M42: =IFERROR(__xludf.DUMMYFUNCTION("""COMPUTED_VALUE"""),"AVAILABLE") -> AVAILABLE | N42: =IFERROR(__xludf.DUMMYFUNCTION("""COMPUTED_VALUE"""),"-") -> - | P42: =IFERROR(__xludf.DUMMYFUNCTION("""COMPUTED_VALUE"""),"UNIT ONLY") -> UNIT ONLY
B43: =IFERROR(__xludf.DUMMYFUNCTION("""COMPUTED_VALUE"""),46071.0) -> 46071 | D43: =IFERROR(__xludf.DUMMYFUNCTION("""COMPUTED_VALUE"""),"HANDPHONE") -> HANDPHONE | E43: =IFERROR(__xludf.DUMMYFUNCTION("""COMPUTED_VALUE"""),3.54922130002469E14) -> 354922130002469 | F43: =IFERROR(__xludf.DUMMYFUNCTION("""COMPUTED_VALUE"""),"G-S25-EDGE 256GB JETBLACK") -> G-S25-EDGE 256GB JETBLACK | G43: =IFERROR(__xludf.DUMMYFUNCTION("""COMPUTED_VALUE"""),"RETURN") -> RETURN | J43: =IFERROR(__xludf.DUMMYFUNCTION("""COMPUTED_VALUE"""),"CHRISYE") -> CHRISYE | L43: =IFERROR(__xludf.DUMMYFUNCTION("""COMPUTED_VALUE"""),"AVAILABLE IN AGENCY") -> AVAILABLE IN AGENCY | M43: =IFERROR(__xludf.DUMMYFUNCTION("""COMPUTED_VALUE"""),"AVAILABLE") -> AVAILABLE | N43: =IFERROR(__xludf.DUMMYFUNCTION("""COMPUTED_VALUE"""),"-") -> - | P43: =IFERROR(__xludf.DUMMYFUNCTION("""COMPUTED_VALUE"""),"BOX ONLY") -> BOX ONLY
B44: =IFERROR(__xludf.DUMMYFUNCTION("""COMPUTED_VALUE"""),46071.0) -> 46071 | D44: =IFERROR(__xludf.DUMMYFUNCTION("""COMPUTED_VALUE"""),"HANDPHONE") -> HANDPHONE | E44: =IFERROR(__xludf.DUMMYFUNCTION("""COMPUTED_VALUE"""),3.52901540005314E14) -> 352901540005314 | F44: =IFERROR(__xludf.DUMMYFUNCTION("""COMPUTED_VALUE"""),"G-S25-ULTRA 256GB SILVER") -> G-S25-ULTRA 256GB SILVER | G44: =IFERROR(__xludf.DUMMYFUNCTION("""COMPUTED_VALUE"""),"RETURN") -> RETURN | L44: =IFERROR(__xludf.DUMMYFUNCTION("""COMPUTED_VALUE"""),"AVAILABLE IN AGENCY") -> AVAILABLE IN AGENCY | M44: =IFERROR(__xludf.DUMMYFUNCTION("""COMPUTED_VALUE"""),"LOANED / ON KOL") -> LOANED / ON KOL | N44: =IFERROR(__xludf.DUMMYFUNCTION("""COMPUTED_VALUE"""),"Luddy") -> Luddy
B45: =IFERROR(__xludf.DUMMYFUNCTION("""COMPUTED_VALUE"""),46071.0) -> 46071 | D45: =IFERROR(__xludf.DUMMYFUNCTION("""COMPUTED_VALUE"""),"TAB") -> TAB | F45: =IFERROR(__xludf.DUMMYFUNCTION("""COMPUTED_VALUE"""),"G-TAB-S6-LITE 128GB GRAY") -> G-TAB-S6-LITE 128GB GRAY | G45: =IFERROR(__xludf.DUMMYFUNCTION("""COMPUTED_VALUE"""),"RETURN") -> RETURN | L45: =IFERROR(__xludf.DUMMYFUNCTION("""COMPUTED_VALUE"""),"AVAILABLE IN AGENCY") -> AVAILABLE IN AGENCY | M45: =IFERROR(__xludf.DUMMYFUNCTION("""COMPUTED_VALUE"""),"AVAILABLE") -> AVAILABLE | N45: =IFERROR(__xludf.DUMMYFUNCTION("""COMPUTED_VALUE"""),"-") -> - | P45: =IFERROR(__xludf.DUMMYFUNCTION("""COMPUTED_VALUE"""),"BOX ONLY") -> BOX ONLY
B46: =IFERROR(__xludf.DUMMYFUNCTION("""COMPUTED_VALUE"""),46071.0) -> 46071 | D46: =IFERROR(__xludf.DUMMYFUNCTION("""COMPUTED_VALUE"""),"HANDPHONE") -> HANDPHONE | E46: =IFERROR(__xludf.DUMMYFUNCTION("""COMPUTED_VALUE"""),3.5841018500545E14) -> 358410185005450 | F46: =IFERROR(__xludf.DUMMYFUNCTION("""COMPUTED_VALUE"""),"G-S25 256GB MINT") -> G-S25 256GB MINT | G46: =IFERROR(__xludf.DUMMYFUNCTION("""COMPUTED_VALUE"""),"RETURN") -> RETURN | L46: =IFERROR(__xludf.DUMMYFUNCTION("""COMPUTED_VALUE"""),"AVAILABLE IN AGENCY") -> AVAILABLE IN AGENCY | M46: =IFERROR(__xludf.DUMMYFUNCTION("""COMPUTED_VALUE"""),"AVAILABLE") -> AVAILABLE | N46: =IFERROR(__xludf.DUMMYFUNCTION("""COMPUTED_VALUE"""),"-") -> -
B47: =IFERROR(__xludf.DUMMYFUNCTION("""COMPUTED_VALUE"""),46071.0) -> 46071 | D47: =IFERROR(__xludf.DUMMYFUNCTION("""COMPUTED_VALUE"""),"HANDPHONE") -> HANDPHONE | E47: =IFERROR(__xludf.DUMMYFUNCTION("""COMPUTED_VALUE"""),3.50009210024854E14) -> 350009210024854 | F47: =IFERROR(__xludf.DUMMYFUNCTION("""COMPUTED_VALUE"""),"G-S24-FE 256GB GRAY") -> G-S24-FE 256GB GRAY | G47: =IFERROR(__xludf.DUMMYFUNCTION("""COMPUTED_VALUE"""),"RETURN") -> RETURN | J47: =IFERROR(__xludf.DUMMYFUNCTION("""COMPUTED_VALUE"""),"LIA") -> LIA | L47: =IFERROR(__xludf.DUMMYFUNCTION("""COMPUTED_VALUE"""),"AVAILABLE IN AGENCY") -> AVAILABLE IN AGENCY | M47: =IFERROR(__xludf.DUMMYFUNCTION("""COMPUTED_VALUE"""),"AVAILABLE") -> AVAILABLE | N47: =IFERROR(__xludf.DUMMYFUNCTION("""COMPUTED_VALUE"""),"-") -> -
B48: =IFERROR(__xludf.DUMMYFUNCTION("""COMPUTED_VALUE"""),46071.0) -> 46071 | D48: =IFERROR(__xludf.DUMMYFUNCTION("""COMPUTED_VALUE"""),"HANDPHONE") -> HANDPHONE | E48: =IFERROR(__xludf.DUMMYFUNCTION("""COMPUTED_VALUE"""),3.5272266502485E14) -> 352722665024850 | F48: =IFERROR(__xludf.DUMMYFUNCTION("""COMPUTED_VALUE"""),"G-S24-ULTRA 256GB GRAY") -> G-S24-ULTRA 256GB GRAY | G48: =IFERROR(__xludf.DUMMYFUNCTION("""COMPUTED_VALUE"""),"RETURN") -> RETURN | J48: =IFERROR(__xludf.DUMMYFUNCTION("""COMPUTED_VALUE"""),"RIZAL") -> RIZAL | L48: =IFERROR(__xludf.DUMMYFUNCTION("""COMPUTED_VALUE"""),"AVAILABLE IN AGENCY") -> AVAILABLE IN AGENCY | M48: =IFERROR(__xludf.DUMMYFUNCTION("""COMPUTED_VALUE"""),"AVAILABLE") -> AVAILABLE | N48: =IFERROR(__xludf.DUMMYFUNCTION("""COMPUTED_VALUE"""),"-") -> -
B49: =IFERROR(__xludf.DUMMYFUNCTION("""COMPUTED_VALUE"""),46071.0) -> 46071 | D49: =IFERROR(__xludf.DUMMYFUNCTION("""COMPUTED_VALUE"""),"HANDPHONE") -> HANDPHONE | E49: =IFERROR(__xludf.DUMMYFUNCTION("""COMPUTED_VALUE"""),3.54166470027385E14) -> 354166470027385 | F49: =IFERROR(__xludf.DUMMYFUNCTION("""COMPUTED_VALUE"""),"G-S25-PLUS 256GB SILVER SHADOW") -> G-S25-PLUS 256GB SILVER SHADOW | G49: =IFERROR(__xludf.DUMMYFUNCTION("""COMPUTED_VALUE"""),"RETURN") -> RETURN | L49: =IFERROR(__xludf.DUMMYFUNCTION("""COMPUTED_VALUE"""),"AVAILABLE IN AGENCY") -> AVAILABLE IN AGENCY | M49: =IFERROR(__xludf.DUMMYFUNCTION("""COMPUTED_VALUE"""),"AVAILABLE") -> AVAILABLE | N49: =IFERROR(__xludf.DUMMYFUNCTION("""COMPUTED_VALUE"""),"-") -> -
B50: =IFERROR(__xludf.DUMMYFUNCTION("""COMPUTED_VALUE"""),46071.0) -> 46071 | D50: =IFERROR(__xludf.DUMMYFUNCTION("""COMPUTED_VALUE"""),"TAB") -> TAB | F50: =IFERROR(__xludf.DUMMYFUNCTION("""COMPUTED_VALUE"""),"G-TAB-A11-KIDS") -> G-TAB-A11-KIDS | G50: =IFERROR(__xludf.DUMMYFUNCTION("""COMPUTED_VALUE"""),"RETURN") -> RETURN | L50: =IFERROR(__xludf.DUMMYFUNCTION("""COMPUTED_VALUE"""),"AVAILABLE IN AGENCY") -> AVAILABLE IN AGENCY | M50: =IFERROR(__xludf.DUMMYFUNCTION("""COMPUTED_VALUE"""),"AVAILABLE") -> AVAILABLE | N50: =IFERROR(__xludf.DUMMYFUNCTION("""COMPUTED_VALUE"""),"-") -> -
B51: =IFERROR(__xludf.DUMMYFUNCTION("""COMPUTED_VALUE"""),46071.0) -> 46071 | D51: =IFERROR(__xludf.DUMMYFUNCTION("""COMPUTED_VALUE"""),"TAB") -> TAB | F51: =IFERROR(__xludf.DUMMYFUNCTION("""COMPUTED_VALUE"""),"G-TAB-A11-KIDS") -> G-TAB-A11-KIDS | G51: =IFERROR(__xludf.DUMMYFUNCTION("""COMPUTED_VALUE"""),"RETURN") -> RETURN | L51: =IFERROR(__xludf.DUMMYFUNCTION("""COMPUTED_VALUE"""),"AVAILABLE IN AGENCY") -> AVAILABLE IN AGENCY | M51: =IFERROR(__xludf.DUMMYFUNCTION("""COMPUTED_VALUE"""),"AVAILABLE") -> AVAILABLE | N51: =IFERROR(__xludf.DUMMYFUNCTION("""COMPUTED_VALUE"""),"-") -> -
B52: =IFERROR(__xludf.DUMMYFUNCTION("""COMPUTED_VALUE"""),46071.0) -> 46071 | D52: =IFERROR(__xludf.DUMMYFUNCTION("""COMPUTED_VALUE"""),"TAB") -> TAB | F52: =IFERROR(__xludf.DUMMYFUNCTION("""COMPUTED_VALUE"""),"G-TAB-A11-KIDS") -> G-TAB-A11-KIDS | G52: =IFERROR(__xludf.DUMMYFUNCTION("""COMPUTED_VALUE"""),"RETURN") -> RETURN | L52: =IFERROR(__xludf.DUMMYFUNCTION("""COMPUTED_VALUE"""),"AVAILABLE IN AGENCY") -> AVAILABLE IN AGENCY | M52: =IFERROR(__xludf.DUMMYFUNCTION("""COMPUTED_VALUE"""),"AVAILABLE") -> AVAILABLE | N52: =IFERROR(__xludf.DUMMYFUNCTION("""COMPUTED_VALUE"""),"-") -> -
B53: =IFERROR(__xludf.DUMMYFUNCTION("""COMPUTED_VALUE"""),46071.0) -> 46071 | D53: =IFERROR(__xludf.DUMMYFUNCTION("""COMPUTED_VALUE"""),"TAB") -> TAB | F53: =IFERROR(__xludf.DUMMYFUNCTION("""COMPUTED_VALUE"""),"G-TAB-A11-KIDS") -> G-TAB-A11-KIDS | G53: =IFERROR(__xludf.DUMMYFUNCTION("""COMPUTED_VALUE"""),"RETURN") -> RETURN | L53: =IFERROR(__xludf.DUMMYFUNCTION("""COMPUTED_VALUE"""),"AVAILABLE IN AGENCY") -> AVAILABLE IN AGENCY | M53: =IFERROR(__xludf.DUMMYFUNCTION("""COMPUTED_VALUE"""),"AVAILABLE") -> AVAILABLE | N53: =IFERROR(__xludf.DUMMYFUNCTION("""COMPUTED_VALUE"""),"-") -> -
B54: =IFERROR(__xludf.DUMMYFUNCTION("""COMPUTED_VALUE"""),46071.0) -> 46071 | C54: =IFERROR(__xludf.DUMMYFUNCTION("""COMPUTED_VALUE"""),"RHEINHARD") -> RHEINHARD | D54: =IFERROR(__xludf.DUMMYFUNCTION("""COMPUTED_VALUE"""),"HANDPHONE") -> HANDPHONE | E54: =IFERROR(__xludf.DUMMYFUNCTION("""COMPUTED_VALUE"""),3.53456152000151E14) -> 353456152000151 | F54: =IFERROR(__xludf.DUMMYFUNCTION("""COMPUTED_VALUE"""),"G-A36-5G 128GB LIGHT GREEN") -> G-A36-5G 128GB LIGHT GREEN | G54: =IFERROR(__xludf.DUMMYFUNCTION("""COMPUTED_VALUE"""),"RETURN") -> RETURN | J54: =IFERROR(__xludf.DUMMYFUNCTION("""COMPUTED_VALUE"""),"OLIV") -> OLIV | L54: =IFERROR(__xludf.DUMMYFUNCTION("""COMPUTED_VALUE"""),"RETURNED TO TCC") -> RETURNED TO TCC | M54: =IFERROR(__xludf.DUMMYFUNCTION("""COMPUTED_VALUE"""),"AVAILABLE") -> AVAILABLE | N54: =IFERROR(__xludf.DUMMYFUNCTION("""COMPUTED_VALUE"""),"-") -> -
B55: =IFERROR(__xludf.DUMMYFUNCTION("""COMPUTED_VALUE"""),46071.0) -> 46071 | D55: =IFERROR(__xludf.DUMMYFUNCTION("""COMPUTED_VALUE"""),"WEARABLES") -> WEARABLES | F55: =IFERROR(__xludf.DUMMYFUNCTION("""COMPUTED_VALUE"""),"G-RING 8 SILVER") -> G-RING 8 SILVER | G55: =IFERROR(__xludf.DUMMYFUNCTION("""COMPUTED_VALUE"""),"RETURN") -> RETURN | J55: =IFERROR(__xludf.DUMMYFUNCTION("""COMPUTED_VALUE"""),"REZA") -> REZA | L55: =IFERROR(__xludf.DUMMYFUNCTION("""COMPUTED_VALUE"""),"RETURNED TO TCC") -> RETURNED TO TCC | M55: =IFERROR(__xludf.DUMMYFUNCTION("""COMPUTED_VALUE"""),"AVAILABLE") -> AVAILABLE | N55: =IFERROR(__xludf.DUMMYFUNCTION("""COMPUTED_VALUE"""),"-") -> -
B56: =IFERROR(__xludf.DUMMYFUNCTION("""COMPUTED_VALUE"""),46071.0) -> 46071 | C56: =IFERROR(__xludf.DUMMYFUNCTION("""COMPUTED_VALUE"""),"YAYA") -> YAYA | D56: =IFERROR(__xludf.DUMMYFUNCTION("""COMPUTED_VALUE"""),"HANDPHONE") -> HANDPHONE | E56: =IFERROR(__xludf.DUMMYFUNCTION("""COMPUTED_VALUE"""),3.54312420025166E14) -> 354312420025166 | F56: =IFERROR(__xludf.DUMMYFUNCTION("""COMPUTED_VALUE"""),"G-Z-FLIP7 256GB DARK BLUE (2025)") -> G-Z-FLIP7 256GB DARK BLUE (2025) | G56: =IFERROR(__xludf.DUMMYFUNCTION("""COMPUTED_VALUE"""),"RETURN") -> RETURN | J56: =IFERROR(__xludf.DUMMYFUNCTION("""COMPUTED_VALUE"""),"VENNI") -> VENNI | L56: =IFERROR(__xludf.DUMMYFUNCTION("""COMPUTED_VALUE"""),"RETURNED TO TCC") -> RETURNED TO TCC | M56: =IFERROR(__xludf.DUMMYFUNCTION("""COMPUTED_VALUE"""),"AVAILABLE") -> AVAILABLE | N56: =IFERROR(__xludf.DUMMYFUNCTION("""COMPUTED_VALUE"""),"-") -> -
B57: =IFERROR(__xludf.DUMMYFUNCTION("""COMPUTED_VALUE"""),46071.0) -> 46071 | C57: =IFERROR(__xludf.DUMMYFUNCTION("""COMPUTED_VALUE"""),"YAYA") -> YAYA | D57: =IFERROR(__xludf.DUMMYFUNCTION("""COMPUTED_VALUE"""),"HANDPHONE") -> HANDPHONE | E57: =IFERROR(__xludf.DUMMYFUNCTION("""COMPUTED_VALUE"""),3.54312420005721E14) -> 354312420005721 | F57: =IFERROR(__xludf.DUMMYFUNCTION("""COMPUTED_VALUE"""),"G-Z-FLIP7 256GB RED (2025)") -> G-Z-FLIP7 256GB RED (2025) | G57: =IFERROR(__xludf.DUMMYFUNCTION("""COMPUTED_VALUE"""),"RETURN") -> RETURN | J57: =IFERROR(__xludf.DUMMYFUNCTION("""COMPUTED_VALUE"""),"VENNI") -> VENNI | L57: =IFERROR(__xludf.DUMMYFUNCTION("""COMPUTED_VALUE"""),"RETURNED TO TCC") -> RETURNED TO TCC | M57: =IFERROR(__xludf.DUMMYFUNCTION("""COMPUTED_VALUE"""),"AVAILABLE") -> AVAILABLE | N57: =IFERROR(__xludf.DUMMYFUNCTION("""COMPUTED_VALUE"""),"-") -> -
B58: =IFERROR(__xludf.DUMMYFUNCTION("""COMPUTED_VALUE"""),46071.0) -> 46071 | C58: =IFERROR(__xludf.DUMMYFUNCTION("""COMPUTED_VALUE"""),"YAYA") -> YAYA | D58: =IFERROR(__xludf.DUMMYFUNCTION("""COMPUTED_VALUE"""),"HANDPHONE") -> HANDPHONE | E58: =IFERROR(__xludf.DUMMYFUNCTION("""COMPUTED_VALUE"""),3.54312420002629E14) -> 354312420002629 | F58: =IFERROR(__xludf.DUMMYFUNCTION("""COMPUTED_VALUE"""),"G-Z-FLIP7 256GB LIGHT GREEN (2025)") -> G-Z-FLIP7 256GB LIGHT GREEN (2025) | G58: =IFERROR(__xludf.DUMMYFUNCTION("""COMPUTED_VALUE"""),"RETURN") -> RETURN | J58: =IFERROR(__xludf.DUMMYFUNCTION("""COMPUTED_VALUE"""),"VENNI") -> VENNI | L58: =IFERROR(__xludf.DUMMYFUNCTION("""COMPUTED_VALUE"""),"RETURNED TO TCC") -> RETURNED TO TCC | M58: =IFERROR(__xludf.DUMMYFUNCTION("""COMPUTED_VALUE"""),"AVAILABLE") -> AVAILABLE | N58: =IFERROR(__xludf.DUMMYFUNCTION("""COMPUTED_VALUE"""),"-") -> -
B59: =IFERROR(__xludf.DUMMYFUNCTION("""COMPUTED_VALUE"""),46071.0) -> 46071 | C59: =IFERROR(__xludf.DUMMYFUNCTION("""COMPUTED_VALUE"""),"YAYA") -> YAYA | D59: =IFERROR(__xludf.DUMMYFUNCTION("""COMPUTED_VALUE"""),"HANDPHONE") -> HANDPHONE | E59: =IFERROR(__xludf.DUMMYFUNCTION("""COMPUTED_VALUE"""),3.507980222138E14) -> 350798022213800 | F59: =IFERROR(__xludf.DUMMYFUNCTION("""COMPUTED_VALUE"""),"G-Z-FLIP7 256GB BLUE (2025)") -> G-Z-FLIP7 256GB BLUE (2025) | G59: =IFERROR(__xludf.DUMMYFUNCTION("""COMPUTED_VALUE"""),"RETURN") -> RETURN | J59: =IFERROR(__xludf.DUMMYFUNCTION("""COMPUTED_VALUE"""),"VENNI") -> VENNI | L59: =IFERROR(__xludf.DUMMYFUNCTION("""COMPUTED_VALUE"""),"RETURNED TO TCC") -> RETURNED TO TCC | M59: =IFERROR(__xludf.DUMMYFUNCTION("""COMPUTED_VALUE"""),"AVAILABLE") -> AVAILABLE | N59: =IFERROR(__xludf.DUMMYFUNCTION("""COMPUTED_VALUE"""),"-") -> -
B60: =IFERROR(__xludf.DUMMYFUNCTION("""COMPUTED_VALUE"""),46071.0) -> 46071 | D60: =IFERROR(__xludf.DUMMYFUNCTION("""COMPUTED_VALUE"""),"TAB") -> TAB | F60: =IFERROR(__xludf.DUMMYFUNCTION("""COMPUTED_VALUE"""),"G-TAB-A11-KIDS") -> G-TAB-A11-KIDS | G60: =IFERROR(__xludf.DUMMYFUNCTION("""COMPUTED_VALUE"""),"RETURN") -> RETURN | L60: =IFERROR(__xludf.DUMMYFUNCTION("""COMPUTED_VALUE"""),"AVAILABLE IN AGENCY") -> AVAILABLE IN AGENCY | M60: =IFERROR(__xludf.DUMMYFUNCTION("""COMPUTED_VALUE"""),"LOANED / ON KOL") -> LOANED / ON KOL | N60: =IFERROR(__xludf.DUMMYFUNCTION("""COMPUTED_VALUE"""),"amorita lukprina") -> amorita lukprina
B61: =IFERROR(__xludf.DUMMYFUNCTION("""COMPUTED_VALUE"""),46071.0) -> 46071 | D61: =IFERROR(__xludf.DUMMYFUNCTION("""COMPUTED_VALUE"""),"TAB") -> TAB | F61: =IFERROR(__xludf.DUMMYFUNCTION("""COMPUTED_VALUE"""),"G-TAB-A11-KIDS") -> G-TAB-A11-KIDS | G61: =IFERROR(__xludf.DUMMYFUNCTION("""COMPUTED_VALUE"""),"RETURN") -> RETURN | L61: =IFERROR(__xludf.DUMMYFUNCTION("""COMPUTED_VALUE"""),"AVAILABLE IN AGENCY") -> AVAILABLE IN AGENCY | M61: =IFERROR(__xludf.DUMMYFUNCTION("""COMPUTED_VALUE"""),"LOANED / ON KOL") -> LOANED / ON KOL | N61: =IFERROR(__xludf.DUMMYFUNCTION("""COMPUTED_VALUE"""),"melinda aristya") -> melinda aristya
B62: =IFERROR(__xludf.DUMMYFUNCTION("""COMPUTED_VALUE"""),46071.0) -> 46071 | D62: =IFERROR(__xludf.DUMMYFUNCTION("""COMPUTED_VALUE"""),"TAB") -> TAB | F62: =IFERROR(__xludf.DUMMYFUNCTION("""COMPUTED_VALUE"""),"G-TAB-A11-KIDS") -> G-TAB-A11-KIDS | G62: =IFERROR(__xludf.DUMMYFUNCTION("""COMPUTED_VALUE"""),"RETURN") -> RETURN | L62: =IFERROR(__xludf.DUMMYFUNCTION("""COMPUTED_VALUE"""),"AVAILABLE IN AGENCY") -> AVAILABLE IN AGENCY | M62: =IFERROR(__xludf.DUMMYFUNCTION("""COMPUTED_VALUE"""),"AVAILABLE") -> AVAILABLE | N62: =IFERROR(__xludf.DUMMYFUNCTION("""COMPUTED_VALUE"""),"-") -> -
B63: =IFERROR(__xludf.DUMMYFUNCTION("""COMPUTED_VALUE"""),46071.0) -> 46071 | D63: =IFERROR(__xludf.DUMMYFUNCTION("""COMPUTED_VALUE"""),"TAB") -> TAB | F63: =IFERROR(__xludf.DUMMYFUNCTION("""COMPUTED_VALUE"""),"G-TAB-A11-KIDS") -> G-TAB-A11-KIDS | G63: =IFERROR(__xludf.DUMMYFUNCTION("""COMPUTED_VALUE"""),"RETURN") -> RETURN | L63: =IFERROR(__xludf.DUMMYFUNCTION("""COMPUTED_VALUE"""),"AVAILABLE IN AGENCY") -> AVAILABLE IN AGENCY | M63: =IFERROR(__xludf.DUMMYFUNCTION("""COMPUTED_VALUE"""),"LOANED / ON KOL") -> LOANED / ON KOL | N63: =IFERROR(__xludf.DUMMYFUNCTION("""COMPUTED_VALUE"""),"Joseph Sebastian") -> Joseph Sebastian
B64: =IFERROR(__xludf.DUMMYFUNCTION("""COMPUTED_VALUE"""),46073.0) -> 46073 | D64: =IFERROR(__xludf.DUMMYFUNCTION("""COMPUTED_VALUE"""),"HANDPHONE") -> HANDPHONE | E64: =IFERROR(__xludf.DUMMYFUNCTION("""COMPUTED_VALUE"""),3.54922130011429E14) -> 354922130011429 | F64: =IFERROR(__xludf.DUMMYFUNCTION("""COMPUTED_VALUE"""),"G-S25-EDGE 256GB SILVER") -> G-S25-EDGE 256GB SILVER | G64: =IFERROR(__xludf.DUMMYFUNCTION("""COMPUTED_VALUE"""),"RETURN") -> RETURN | L64: =IFERROR(__xludf.DUMMYFUNCTION("""COMPUTED_VALUE"""),"AVAILABLE IN AGENCY") -> AVAILABLE IN AGENCY | M64: =IFERROR(__xludf.DUMMYFUNCTION("""COMPUTED_VALUE"""),"AVAILABLE") -> AVAILABLE | N64: =IFERROR(__xludf.DUMMYFUNCTION("""COMPUTED_VALUE"""),"-") -> -
B65: =IFERROR(__xludf.DUMMYFUNCTION("""COMPUTED_VALUE"""),46073.0) -> 46073 | D65: =IFERROR(__xludf.DUMMYFUNCTION("""COMPUTED_VALUE"""),"HANDPHONE") -> HANDPHONE | E65: =IFERROR(__xludf.DUMMYFUNCTION("""COMPUTED_VALUE"""),3.52901540005744E14) -> 352901540005744 | F65: =IFERROR(__xludf.DUMMYFUNCTION("""COMPUTED_VALUE"""),"G-S25-ULTRA 256GB SILVER") -> G-S25-ULTRA 256GB SILVER | G65: =IFERROR(__xludf.DUMMYFUNCTION("""COMPUTED_VALUE"""),"RETURN") -> RETURN | J65: =IFERROR(__xludf.DUMMYFUNCTION("""COMPUTED_VALUE"""),"VENNI") -> VENNI | L65: =IFERROR(__xludf.DUMMYFUNCTION("""COMPUTED_VALUE"""),"AVAILABLE IN AGENCY") -> AVAILABLE IN AGENCY | M65: =IFERROR(__xludf.DUMMYFUNCTION("""COMPUTED_VALUE"""),"LOANED / ON KOL") -> LOANED / ON KOL | N65: =IFERROR(__xludf.DUMMYFUNCTION("""COMPUTED_VALUE"""),"Rere Regita") -> Rere Regita
B66: =IFERROR(__xludf.DUMMYFUNCTION("""COMPUTED_VALUE"""),46073.0) -> 46073 | D66: =IFERROR(__xludf.DUMMYFUNCTION("""COMPUTED_VALUE"""),"HANDPHONE") -> HANDPHONE | E66: =IFERROR(__xludf.DUMMYFUNCTION("""COMPUTED_VALUE"""),3.5431242000558E14) -> 354312420005580 | F66: =IFERROR(__xludf.DUMMYFUNCTION("""COMPUTED_VALUE"""),"G-Z-FLIP7 256GB CORALRED") -> G-Z-FLIP7 256GB CORALRED | G66: =IFERROR(__xludf.DUMMYFUNCTION("""COMPUTED_VALUE"""),"RETURN") -> RETURN | J66: =IFERROR(__xludf.DUMMYFUNCTION("""COMPUTED_VALUE"""),"VENNI") -> VENNI | L66: =IFERROR(__xludf.DUMMYFUNCTION("""COMPUTED_VALUE"""),"AVAILABLE IN AGENCY") -> AVAILABLE IN AGENCY | M66: =IFERROR(__xludf.DUMMYFUNCTION("""COMPUTED_VALUE"""),"AVAILABLE") -> AVAILABLE | N66: =IFERROR(__xludf.DUMMYFUNCTION("""COMPUTED_VALUE"""),"-") -> - | P66: =IFERROR(__xludf.DUMMYFUNCTION("""COMPUTED_VALUE"""),"UNIT ONLY") -> UNIT ONLY
B67: =IFERROR(__xludf.DUMMYFUNCTION("""COMPUTED_VALUE"""),46073.0) -> 46073 | D67: =IFERROR(__xludf.DUMMYFUNCTION("""COMPUTED_VALUE"""),"HANDPHONE") -> HANDPHONE | E67: =IFERROR(__xludf.DUMMYFUNCTION("""COMPUTED_VALUE"""),3.57703230001024E14) -> 357703230001024 | F67: =IFERROR(__xludf.DUMMYFUNCTION("""COMPUTED_VALUE"""),"G-A56-5G 128GB SILVER") -> G-A56-5G 128GB SILVER | G67: =IFERROR(__xludf.DUMMYFUNCTION("""COMPUTED_VALUE"""),"RETURN") -> RETURN | J67: =IFERROR(__xludf.DUMMYFUNCTION("""COMPUTED_VALUE"""),"ISNAINI") -> ISNAINI | L67: =IFERROR(__xludf.DUMMYFUNCTION("""COMPUTED_VALUE"""),"AVAILABLE IN AGENCY") -> AVAILABLE IN AGENCY | M67: =IFERROR(__xludf.DUMMYFUNCTION("""COMPUTED_VALUE"""),"AVAILABLE") -> AVAILABLE | N67: =IFERROR(__xludf.DUMMYFUNCTION("""COMPUTED_VALUE"""),"-") -> - | P67: =IFERROR(__xludf.DUMMYFUNCTION("""COMPUTED_VALUE"""),"UNIT ONLY") -> UNIT ONLY
B68: =IFERROR(__xludf.DUMMYFUNCTION("""COMPUTED_VALUE"""),46073.0) -> 46073 | D68: =IFERROR(__xludf.DUMMYFUNCTION("""COMPUTED_VALUE"""),"HANDPHONE") -> HANDPHONE | E68: =IFERROR(__xludf.DUMMYFUNCTION("""COMPUTED_VALUE"""),3.57703230036582E14) -> 357703230036582 | F68: =IFERROR(__xludf.DUMMYFUNCTION("""COMPUTED_VALUE"""),"G-A56-5G 128GB GRAPHITE") -> G-A56-5G 128GB GRAPHITE | G68: =IFERROR(__xludf.DUMMYFUNCTION("""COMPUTED_VALUE"""),"RETURN") -> RETURN | J68: =IFERROR(__xludf.DUMMYFUNCTION("""COMPUTED_VALUE"""),"ISNAINI") -> ISNAINI | L68: =IFERROR(__xludf.DUMMYFUNCTION("""COMPUTED_VALUE"""),"AVAILABLE IN AGENCY") -> AVAILABLE IN AGENCY | M68: =IFERROR(__xludf.DUMMYFUNCTION("""COMPUTED_VALUE"""),"AVAILABLE") -> AVAILABLE | N68: =IFERROR(__xludf.DUMMYFUNCTION("""COMPUTED_VALUE"""),"-") -> -
B69: =IFERROR(__xludf.DUMMYFUNCTION("""COMPUTED_VALUE"""),46076.0) -> 46076 | D69: =IFERROR(__xludf.DUMMYFUNCTION("""COMPUTED_VALUE"""),"HANDPHONE") -> HANDPHONE | E69: =IFERROR(__xludf.DUMMYFUNCTION("""COMPUTED_VALUE"""),3.5129832009778E14) -> 351298320097780 | F69: =IFERROR(__xludf.DUMMYFUNCTION("""COMPUTED_VALUE"""),"G-S25-FE 256GB ICYBLUE") -> G-S25-FE 256GB ICYBLUE | G69: =IFERROR(__xludf.DUMMYFUNCTION("""COMPUTED_VALUE"""),"RETURN") -> RETURN | J69: =IFERROR(__xludf.DUMMYFUNCTION("""COMPUTED_VALUE"""),"MARTIN") -> MARTIN | L69: =IFERROR(__xludf.DUMMYFUNCTION("""COMPUTED_VALUE"""),"AVAILABLE IN AGENCY") -> AVAILABLE IN AGENCY | M69: =IFERROR(__xludf.DUMMYFUNCTION("""COMPUTED_VALUE"""),"AVAILABLE") -> AVAILABLE | N69: =IFERROR(__xludf.DUMMYFUNCTION("""COMPUTED_VALUE"""),"-") -> -
B70: =IFERROR(__xludf.DUMMYFUNCTION("""COMPUTED_VALUE"""),46076.0) -> 46076 | D70: =IFERROR(__xludf.DUMMYFUNCTION("""COMPUTED_VALUE"""),"HANDPHONE") -> HANDPHONE | E70: =IFERROR(__xludf.DUMMYFUNCTION("""COMPUTED_VALUE"""),3.56284530004126E14) -> 356284530004126 | F70: =IFERROR(__xludf.DUMMYFUNCTION("""COMPUTED_VALUE"""),"G-S25-ULTRA 512GB PINKGOLD") -> G-S25-ULTRA 512GB PINKGOLD | G70: =IFERROR(__xludf.DUMMYFUNCTION("""COMPUTED_VALUE"""),"RETURN") -> RETURN | J70: =IFERROR(__xludf.DUMMYFUNCTION("""COMPUTED_VALUE"""),"MARTIN") -> MARTIN | L70: =IFERROR(__xludf.DUMMYFUNCTION("""COMPUTED_VALUE"""),"AVAILABLE IN AGENCY") -> AVAILABLE IN AGENCY | M70: =IFERROR(__xludf.DUMMYFUNCTION("""COMPUTED_VALUE"""),"LOANED / ON KOL") -> LOANED / ON KOL | N70: =IFERROR(__xludf.DUMMYFUNCTION("""COMPUTED_VALUE"""),"Fery") -> Fery
B71: =IFERROR(__xludf.DUMMYFUNCTION("""COMPUTED_VALUE"""),46076.0) -> 46076 | C71: =IFERROR(__xludf.DUMMYFUNCTION("""COMPUTED_VALUE"""),"YAYA") -> YAYA | D71: =IFERROR(__xludf.DUMMYFUNCTION("""COMPUTED_VALUE"""),"BUDS") -> BUDS | F71: =IFERROR(__xludf.DUMMYFUNCTION("""COMPUTED_VALUE"""),"G-BUDS4-PRO BLACK (2026)") -> G-BUDS4-PRO BLACK (2026) | G71: =IFERROR(__xludf.DUMMYFUNCTION("""COMPUTED_VALUE"""),"RETURN") -> RETURN | H71: =IFERROR(__xludf.DUMMYFUNCTION("""COMPUTED_VALUE"""),46203.0) -> 46203 | J71: =IFERROR(__xludf.DUMMYFUNCTION("""COMPUTED_VALUE"""),"ABIGAIL") -> ABIGAIL | K71: =IFERROR(__xludf.DUMMYFUNCTION("""COMPUTED_VALUE"""),"Galaxy Buds4 Launch") -> Galaxy Buds4 Launch | L71: =IFERROR(__xludf.DUMMYFUNCTION("""COMPUTED_VALUE"""),"AVAILABLE IN AGENCY") -> AVAILABLE IN AGENCY | M71: =IFERROR(__xludf.DUMMYFUNCTION("""COMPUTED_VALUE"""),"LOANED / ON KOL") -> LOANED / ON KOL | N71: =IFERROR(__xludf.DUMMYFUNCTION("""COMPUTED_VALUE"""),"Adikara") -> Adikara
B72: =IFERROR(__xludf.DUMMYFUNCTION("""COMPUTED_VALUE"""),46076.0) -> 46076 | C72: =IFERROR(__xludf.DUMMYFUNCTION("""COMPUTED_VALUE"""),"YAYA") -> YAYA | D72: =IFERROR(__xludf.DUMMYFUNCTION("""COMPUTED_VALUE"""),"BUDS") -> BUDS | F72: =IFERROR(__xludf.DUMMYFUNCTION("""COMPUTED_VALUE"""),"G-BUDS4-PRO BLACK (2026)") -> G-BUDS4-PRO BLACK (2026) | G72: =IFERROR(__xludf.DUMMYFUNCTION("""COMPUTED_VALUE"""),"RETURN") -> RETURN | H72: =IFERROR(__xludf.DUMMYFUNCTION("""COMPUTED_VALUE"""),46203.0) -> 46203 | J72: =IFERROR(__xludf.DUMMYFUNCTION("""COMPUTED_VALUE"""),"ABIGAIL") -> ABIGAIL | K72: =IFERROR(__xludf.DUMMYFUNCTION("""COMPUTED_VALUE"""),"Galaxy Buds4 Launch") -> Galaxy Buds4 Launch | L72: =IFERROR(__xludf.DUMMYFUNCTION("""COMPUTED_VALUE"""),"AVAILABLE IN AGENCY") -> AVAILABLE IN AGENCY | M72: =IFERROR(__xludf.DUMMYFUNCTION("""COMPUTED_VALUE"""),"AVAILABLE") -> AVAILABLE | N72: =IFERROR(__xludf.DUMMYFUNCTION("""COMPUTED_VALUE"""),"-") -> -
B73: =IFERROR(__xludf.DUMMYFUNCTION("""COMPUTED_VALUE"""),46076.0) -> 46076 | C73: =IFERROR(__xludf.DUMMYFUNCTION("""COMPUTED_VALUE"""),"YAYA") -> YAYA | D73: =IFERROR(__xludf.DUMMYFUNCTION("""COMPUTED_VALUE"""),"BUDS") -> BUDS | F73: =IFERROR(__xludf.DUMMYFUNCTION("""COMPUTED_VALUE"""),"G-BUDS4-PRO BLACK (2026)") -> G-BUDS4-PRO BLACK (2026) | G73: =IFERROR(__xludf.DUMMYFUNCTION("""COMPUTED_VALUE"""),"RETURN") -> RETURN | H73: =IFERROR(__xludf.DUMMYFUNCTION("""COMPUTED_VALUE"""),46203.0) -> 46203 | J73: =IFERROR(__xludf.DUMMYFUNCTION("""COMPUTED_VALUE"""),"ABIGAIL") -> ABIGAIL | K73: =IFERROR(__xludf.DUMMYFUNCTION("""COMPUTED_VALUE"""),"Galaxy Buds4 Launch") -> Galaxy Buds4 Launch | L73: =IFERROR(__xludf.DUMMYFUNCTION("""COMPUTED_VALUE"""),"AVAILABLE IN AGENCY") -> AVAILABLE IN AGENCY | M73: =IFERROR(__xludf.DUMMYFUNCTION("""COMPUTED_VALUE"""),"LOANED / ON KOL") -> LOANED / ON KOL | N73: =IFERROR(__xludf.DUMMYFUNCTION("""COMPUTED_VALUE"""),"Ahmad Tito") -> Ahmad Tito
B74: =IFERROR(__xludf.DUMMYFUNCTION("""COMPUTED_VALUE"""),46076.0) -> 46076 | C74: =IFERROR(__xludf.DUMMYFUNCTION("""COMPUTED_VALUE"""),"YAYA") -> YAYA | D74: =IFERROR(__xludf.DUMMYFUNCTION("""COMPUTED_VALUE"""),"BUDS") -> BUDS | F74: =IFERROR(__xludf.DUMMYFUNCTION("""COMPUTED_VALUE"""),"G-BUDS4-PRO BLACK (2026)") -> G-BUDS4-PRO BLACK (2026) | G74: =IFERROR(__xludf.DUMMYFUNCTION("""COMPUTED_VALUE"""),"RETURN") -> RETURN | H74: =IFERROR(__xludf.DUMMYFUNCTION("""COMPUTED_VALUE"""),46203.0) -> 46203 | J74: =IFERROR(__xludf.DUMMYFUNCTION("""COMPUTED_VALUE"""),"ABIGAIL") -> ABIGAIL | K74: =IFERROR(__xludf.DUMMYFUNCTION("""COMPUTED_VALUE"""),"Galaxy Buds4 Launch") -> Galaxy Buds4 Launch | L74: =IFERROR(__xludf.DUMMYFUNCTION("""COMPUTED_VALUE"""),"AVAILABLE IN AGENCY") -> AVAILABLE IN AGENCY | M74: =IFERROR(__xludf.DUMMYFUNCTION("""COMPUTED_VALUE"""),"AVAILABLE") -> AVAILABLE | N74: =IFERROR(__xludf.DUMMYFUNCTION("""COMPUTED_VALUE"""),"-") -> -
B75: =IFERROR(__xludf.DUMMYFUNCTION("""COMPUTED_VALUE"""),46076.0) -> 46076 | C75: =IFERROR(__xludf.DUMMYFUNCTION("""COMPUTED_VALUE"""),"YAYA") -> YAYA | D75: =IFERROR(__xludf.DUMMYFUNCTION("""COMPUTED_VALUE"""),"BUDS") -> BUDS | F75: =IFERROR(__xludf.DUMMYFUNCTION("""COMPUTED_VALUE"""),"G-BUDS4 WHITE (2026)") -> G-BUDS4 WHITE (2026) | G75: =IFERROR(__xludf.DUMMYFUNCTION("""COMPUTED_VALUE"""),"RETURN") -> RETURN | H75: =IFERROR(__xludf.DUMMYFUNCTION("""COMPUTED_VALUE"""),46203.0) -> 46203 | J75: =IFERROR(__xludf.DUMMYFUNCTION("""COMPUTED_VALUE"""),"ABIGAIL") -> ABIGAIL | K75: =IFERROR(__xludf.DUMMYFUNCTION("""COMPUTED_VALUE"""),"Galaxy Buds4 Launch") -> Galaxy Buds4 Launch | L75: =IFERROR(__xludf.DUMMYFUNCTION("""COMPUTED_VALUE"""),"AVAILABLE IN AGENCY") -> AVAILABLE IN AGENCY | M75: =IFERROR(__xludf.DUMMYFUNCTION("""COMPUTED_VALUE"""),"LOANED / ON KOL") -> LOANED / ON KOL | N75: =IFERROR(__xludf.DUMMYFUNCTION("""COMPUTED_VALUE"""),"Jesica Veranda") -> Jesica Veranda
B76: =IFERROR(__xludf.DUMMYFUNCTION("""COMPUTED_VALUE"""),46076.0) -> 46076 | C76: =IFERROR(__xludf.DUMMYFUNCTION("""COMPUTED_VALUE"""),"YAYA") -> YAYA | D76: =IFERROR(__xludf.DUMMYFUNCTION("""COMPUTED_VALUE"""),"BUDS") -> BUDS | F76: =IFERROR(__xludf.DUMMYFUNCTION("""COMPUTED_VALUE"""),"G-BUDS4 WHITE (2026)") -> G-BUDS4 WHITE (2026) | G76: =IFERROR(__xludf.DUMMYFUNCTION("""COMPUTED_VALUE"""),"RETURN") -> RETURN | H76: =IFERROR(__xludf.DUMMYFUNCTION("""COMPUTED_VALUE"""),46203.0) -> 46203 | J76: =IFERROR(__xludf.DUMMYFUNCTION("""COMPUTED_VALUE"""),"ABIGAIL") -> ABIGAIL | K76: =IFERROR(__xludf.DUMMYFUNCTION("""COMPUTED_VALUE"""),"Galaxy Buds4 Launch") -> Galaxy Buds4 Launch | L76: =IFERROR(__xludf.DUMMYFUNCTION("""COMPUTED_VALUE"""),"AVAILABLE IN AGENCY") -> AVAILABLE IN AGENCY | M76: =IFERROR(__xludf.DUMMYFUNCTION("""COMPUTED_VALUE"""),"LOANED / ON KOL") -> LOANED / ON KOL | N76: =IFERROR(__xludf.DUMMYFUNCTION("""COMPUTED_VALUE"""),"gaby saputra") -> gaby saputra
B77: =IFERROR(__xludf.DUMMYFUNCTION("""COMPUTED_VALUE"""),46076.0) -> 46076 | C77: =IFERROR(__xludf.DUMMYFUNCTION("""COMPUTED_VALUE"""),"YAYA") -> YAYA | D77: =IFERROR(__xludf.DUMMYFUNCTION("""COMPUTED_VALUE"""),"BUDS") -> BUDS | F77: =IFERROR(__xludf.DUMMYFUNCTION("""COMPUTED_VALUE"""),"G-BUDS4 BLACK (2026)") -> G-BUDS4 BLACK (2026) | G77: =IFERROR(__xludf.DUMMYFUNCTION("""COMPUTED_VALUE"""),"RETURN") -> RETURN | H77: =IFERROR(__xludf.DUMMYFUNCTION("""COMPUTED_VALUE"""),46203.0) -> 46203 | J77: =IFERROR(__xludf.DUMMYFUNCTION("""COMPUTED_VALUE"""),"ABIGAIL") -> ABIGAIL | K77: =IFERROR(__xludf.DUMMYFUNCTION("""COMPUTED_VALUE"""),"Galaxy Buds4 Launch") -> Galaxy Buds4 Launch | L77: =IFERROR(__xludf.DUMMYFUNCTION("""COMPUTED_VALUE"""),"AVAILABLE IN AGENCY") -> AVAILABLE IN AGENCY | M77: =IFERROR(__xludf.DUMMYFUNCTION("""COMPUTED_VALUE"""),"LOANED / ON KOL") -> LOANED / ON KOL | N77: =IFERROR(__xludf.DUMMYFUNCTION("""COMPUTED_VALUE"""),"sadam / irma") -> sadam / irma
B78: =IFERROR(__xludf.DUMMYFUNCTION("""COMPUTED_VALUE"""),46076.0) -> 46076 | C78: =IFERROR(__xludf.DUMMYFUNCTION("""COMPUTED_VALUE"""),"YAYA") -> YAYA | D78: =IFERROR(__xludf.DUMMYFUNCTION("""COMPUTED_VALUE"""),"BUDS") -> BUDS | F78: =IFERROR(__xludf.DUMMYFUNCTION("""COMPUTED_VALUE"""),"G-BUDS4 BLACK (2026)") -> G-BUDS4 BLACK (2026) | G78: =IFERROR(__xludf.DUMMYFUNCTION("""COMPUTED_VALUE"""),"RETURN") -> RETURN | H78: =IFERROR(__xludf.DUMMYFUNCTION("""COMPUTED_VALUE"""),46203.0) -> 46203 | J78: =IFERROR(__xludf.DUMMYFUNCTION("""COMPUTED_VALUE"""),"ABIGAIL") -> ABIGAIL | K78: =IFERROR(__xludf.DUMMYFUNCTION("""COMPUTED_VALUE"""),"Galaxy Buds4 Launch") -> Galaxy Buds4 Launch | L78: =IFERROR(__xludf.DUMMYFUNCTION("""COMPUTED_VALUE"""),"AVAILABLE IN AGENCY") -> AVAILABLE IN AGENCY | M78: =IFERROR(__xludf.DUMMYFUNCTION("""COMPUTED_VALUE"""),"LOANED / ON KOL") -> LOANED / ON KOL | N78: =IFERROR(__xludf.DUMMYFUNCTION("""COMPUTED_VALUE"""),"Acipa") -> Acipa
B79: =IFERROR(__xludf.DUMMYFUNCTION("""COMPUTED_VALUE"""),46076.0) -> 46076 | C79: =IFERROR(__xludf.DUMMYFUNCTION("""COMPUTED_VALUE"""),"MANDIE") -> MANDIE | D79: =IFERROR(__xludf.DUMMYFUNCTION("""COMPUTED_VALUE"""),"HANDPHONE") -> HANDPHONE | E79: =IFERROR(__xludf.DUMMYFUNCTION("""COMPUTED_VALUE"""),3.50576859133328E14) -> 350576859133328 | F79: =IFERROR(__xludf.DUMMYFUNCTION("""COMPUTED_VALUE"""),"G-A07 64GB GREEN (2025)") -> G-A07 64GB GREEN (2025) | G79: =IFERROR(__xludf.DUMMYFUNCTION("""COMPUTED_VALUE"""),"RETURN") -> RETURN | H79: =IFERROR(__xludf.DUMMYFUNCTION("""COMPUTED_VALUE"""),46142.0) -> 46142 | J79: =IFERROR(__xludf.DUMMYFUNCTION("""COMPUTED_VALUE"""),"OLIV") -> OLIV | K79: =IFERROR(__xludf.DUMMYFUNCTION("""COMPUTED_VALUE"""),"RAMADAN CAMPAIGN") -> RAMADAN CAMPAIGN | L79: =IFERROR(__xludf.DUMMYFUNCTION("""COMPUTED_VALUE"""),"AVAILABLE IN AGENCY") -> AVAILABLE IN AGENCY | M79: =IFERROR(__xludf.DUMMYFUNCTION("""COMPUTED_VALUE"""),"AVAILABLE") -> AVAILABLE | N79: =IFERROR(__xludf.DUMMYFUNCTION("""COMPUTED_VALUE"""),"-") -> -
B80: =IFERROR(__xludf.DUMMYFUNCTION("""COMPUTED_VALUE"""),46076.0) -> 46076 | C80: =IFERROR(__xludf.DUMMYFUNCTION("""COMPUTED_VALUE"""),"MANDIE") -> MANDIE | D80: =IFERROR(__xludf.DUMMYFUNCTION("""COMPUTED_VALUE"""),"HANDPHONE") -> HANDPHONE | E80: =IFERROR(__xludf.DUMMYFUNCTION("""COMPUTED_VALUE"""),3.5585115031023E14) -> 355851150310230 | F80: =IFERROR(__xludf.DUMMYFUNCTION("""COMPUTED_VALUE"""),"G-A17-5G 256GB BLACK (2025)") -> G-A17-5G 256GB BLACK (2025) | G80: =IFERROR(__xludf.DUMMYFUNCTION("""COMPUTED_VALUE"""),"RETURN") -> RETURN | H80: =IFERROR(__xludf.DUMMYFUNCTION("""COMPUTED_VALUE"""),46142.0) -> 46142 | J80: =IFERROR(__xludf.DUMMYFUNCTION("""COMPUTED_VALUE"""),"OLIV") -> OLIV | K80: =IFERROR(__xludf.DUMMYFUNCTION("""COMPUTED_VALUE"""),"RAMADAN CAMPAIGN") -> RAMADAN CAMPAIGN | L80: =IFERROR(__xludf.DUMMYFUNCTION("""COMPUTED_VALUE"""),"AVAILABLE IN AGENCY") -> AVAILABLE IN AGENCY | M80: =IFERROR(__xludf.DUMMYFUNCTION("""COMPUTED_VALUE"""),"LOANED / ON KOL") -> LOANED / ON KOL | N80: =IFERROR(__xludf.DUMMYFUNCTION("""COMPUTED_VALUE"""),"Davrizojol") -> Davrizojol
B81: =IFERROR(__xludf.DUMMYFUNCTION("""COMPUTED_VALUE"""),46076.0) -> 46076 | C81: =IFERROR(__xludf.DUMMYFUNCTION("""COMPUTED_VALUE"""),"MANDIE") -> MANDIE | D81: =IFERROR(__xludf.DUMMYFUNCTION("""COMPUTED_VALUE"""),"HANDPHONE") -> HANDPHONE | E81: =IFERROR(__xludf.DUMMYFUNCTION("""COMPUTED_VALUE"""),3.57703230036798E14) -> 357703230036798 | F81: =IFERROR(__xludf.DUMMYFUNCTION("""COMPUTED_VALUE"""),"G-A56-5G 128GB BLACK (2025)") -> G-A56-5G 128GB BLACK (2025) | G81: =IFERROR(__xludf.DUMMYFUNCTION("""COMPUTED_VALUE"""),"RETURN") -> RETURN | H81: =IFERROR(__xludf.DUMMYFUNCTION("""COMPUTED_VALUE"""),46142.0) -> 46142 | J81: =IFERROR(__xludf.DUMMYFUNCTION("""COMPUTED_VALUE"""),"OLIV") -> OLIV | K81: =IFERROR(__xludf.DUMMYFUNCTION("""COMPUTED_VALUE"""),"RAMADAN CAMPAIGN") -> RAMADAN CAMPAIGN | L81: =IFERROR(__xludf.DUMMYFUNCTION("""COMPUTED_VALUE"""),"AVAILABLE IN AGENCY") -> AVAILABLE IN AGENCY | M81: =IFERROR(__xludf.DUMMYFUNCTION("""COMPUTED_VALUE"""),"AVAILABLE") -> AVAILABLE | N81: =IFERROR(__xludf.DUMMYFUNCTION("""COMPUTED_VALUE"""),"-") -> -
B82: =IFERROR(__xludf.DUMMYFUNCTION("""COMPUTED_VALUE"""),46076.0) -> 46076 | C82: =IFERROR(__xludf.DUMMYFUNCTION("""COMPUTED_VALUE"""),"MANDIE") -> MANDIE | D82: =IFERROR(__xludf.DUMMYFUNCTION("""COMPUTED_VALUE"""),"HANDPHONE") -> HANDPHONE | E82: =IFERROR(__xludf.DUMMYFUNCTION("""COMPUTED_VALUE"""),3.54312420022502E14) -> 354312420022502 | F82: =IFERROR(__xludf.DUMMYFUNCTION("""COMPUTED_VALUE"""),"G-Z-FLIP7 256GB DARK BLUE (2025)") -> G-Z-FLIP7 256GB DARK BLUE (2025) | G82: =IFERROR(__xludf.DUMMYFUNCTION("""COMPUTED_VALUE"""),"RETURN") -> RETURN | H82: =IFERROR(__xludf.DUMMYFUNCTION("""COMPUTED_VALUE"""),46142.0) -> 46142 | J82: =IFERROR(__xludf.DUMMYFUNCTION("""COMPUTED_VALUE"""),"OLIV") -> OLIV | K82: =IFERROR(__xludf.DUMMYFUNCTION("""COMPUTED_VALUE"""),"RAMADAN CAMPAIGN") -> RAMADAN CAMPAIGN | L82: =IFERROR(__xludf.DUMMYFUNCTION("""COMPUTED_VALUE"""),"AVAILABLE IN AGENCY") -> AVAILABLE IN AGENCY | M82: =IFERROR(__xludf.DUMMYFUNCTION("""COMPUTED_VALUE"""),"LOANED / ON KOL") -> LOANED / ON KOL | N82: =IFERROR(__xludf.DUMMYFUNCTION("""COMPUTED_VALUE"""),"Zahral Antika") -> Zahral Antika
B83: =IFERROR(__xludf.DUMMYFUNCTION("""COMPUTED_VALUE"""),46076.0) -> 46076 | C83: =IFERROR(__xludf.DUMMYFUNCTION("""COMPUTED_VALUE"""),"MANDIE") -> MANDIE | D83: =IFERROR(__xludf.DUMMYFUNCTION("""COMPUTED_VALUE"""),"WEARABLES") -> WEARABLES | F83: =IFERROR(__xludf.DUMMYFUNCTION("""COMPUTED_VALUE"""),"G-WATCH8 40MM DARK GRAY") -> G-WATCH8 40MM DARK GRAY | G83: =IFERROR(__xludf.DUMMYFUNCTION("""COMPUTED_VALUE"""),"RETURN") -> RETURN | H83: =IFERROR(__xludf.DUMMYFUNCTION("""COMPUTED_VALUE"""),46142.0) -> 46142 | J83: =IFERROR(__xludf.DUMMYFUNCTION("""COMPUTED_VALUE"""),"OLIV") -> OLIV | K83: =IFERROR(__xludf.DUMMYFUNCTION("""COMPUTED_VALUE"""),"RAMADAN CAMPAIGN") -> RAMADAN CAMPAIGN | L83: =IFERROR(__xludf.DUMMYFUNCTION("""COMPUTED_VALUE"""),"AVAILABLE IN AGENCY") -> AVAILABLE IN AGENCY | M83: =IFERROR(__xludf.DUMMYFUNCTION("""COMPUTED_VALUE"""),"LOANED / ON KOL") -> LOANED / ON KOL | N83: =IFERROR(__xludf.DUMMYFUNCTION("""COMPUTED_VALUE"""),"Zuhair") -> Zuhair
B84: =IFERROR(__xludf.DUMMYFUNCTION("""COMPUTED_VALUE"""),46076.0) -> 46076 | C84: =IFERROR(__xludf.DUMMYFUNCTION("""COMPUTED_VALUE"""),"MANDIE") -> MANDIE | D84: =IFERROR(__xludf.DUMMYFUNCTION("""COMPUTED_VALUE"""),"WEARABLES") -> WEARABLES | F84: =IFERROR(__xludf.DUMMYFUNCTION("""COMPUTED_VALUE"""),"G-WATCH8 40MM SILVER (2025)") -> G-WATCH8 40MM SILVER (2025) | G84: =IFERROR(__xludf.DUMMYFUNCTION("""COMPUTED_VALUE"""),"RETURN") -> RETURN | H84: =IFERROR(__xludf.DUMMYFUNCTION("""COMPUTED_VALUE"""),46142.0) -> 46142 | J84: =IFERROR(__xludf.DUMMYFUNCTION("""COMPUTED_VALUE"""),"OLIV") -> OLIV | K84: =IFERROR(__xludf.DUMMYFUNCTION("""COMPUTED_VALUE"""),"RAMADAN CAMPAIGN") -> RAMADAN CAMPAIGN | L84: =IFERROR(__xludf.DUMMYFUNCTION("""COMPUTED_VALUE"""),"AVAILABLE IN AGENCY") -> AVAILABLE IN AGENCY | M84: =IFERROR(__xludf.DUMMYFUNCTION("""COMPUTED_VALUE"""),"LOANED / ON KOL") -> LOANED / ON KOL | N84: =IFERROR(__xludf.DUMMYFUNCTION("""COMPUTED_VALUE"""),"Shafa Lubis") -> Shafa Lubis
B85: =IFERROR(__xludf.DUMMYFUNCTION("""COMPUTED_VALUE"""),46076.0) -> 46076 | C85: =IFERROR(__xludf.DUMMYFUNCTION("""COMPUTED_VALUE"""),"MANDIE") -> MANDIE | D85: =IFERROR(__xludf.DUMMYFUNCTION("""COMPUTED_VALUE"""),"BUDS") -> BUDS | F85: =IFERROR(__xludf.DUMMYFUNCTION("""COMPUTED_VALUE"""),"G-BUDS3-FE GRAY (2025)") -> G-BUDS3-FE GRAY (2025) | G85: =IFERROR(__xludf.DUMMYFUNCTION("""COMPUTED_VALUE"""),"RETURN") -> RETURN | H85: =IFERROR(__xludf.DUMMYFUNCTION("""COMPUTED_VALUE"""),46142.0) -> 46142 | J85: =IFERROR(__xludf.DUMMYFUNCTION("""COMPUTED_VALUE"""),"OLIV") -> OLIV | K85: =IFERROR(__xludf.DUMMYFUNCTION("""COMPUTED_VALUE"""),"RAMADAN CAMPAIGN") -> RAMADAN CAMPAIGN | L85: =IFERROR(__xludf.DUMMYFUNCTION("""COMPUTED_VALUE"""),"AVAILABLE IN AGENCY") -> AVAILABLE IN AGENCY | M85: =IFERROR(__xludf.DUMMYFUNCTION("""COMPUTED_VALUE"""),"LOANED / ON KOL") -> LOANED / ON KOL | N85: =IFERROR(__xludf.DUMMYFUNCTION("""COMPUTED_VALUE"""),"Zuhair") -> Zuhair
B86: =IFERROR(__xludf.DUMMYFUNCTION("""COMPUTED_VALUE"""),46076.0) -> 46076 | C86: =IFERROR(__xludf.DUMMYFUNCTION("""COMPUTED_VALUE"""),"MANDIE") -> MANDIE | D86: =IFERROR(__xludf.DUMMYFUNCTION("""COMPUTED_VALUE"""),"HANDPHONE") -> HANDPHONE | E86: =IFERROR(__xludf.DUMMYFUNCTION("""COMPUTED_VALUE"""),3.51298320043586E14) -> 351298320043586 | F86: =IFERROR(__xludf.DUMMYFUNCTION("""COMPUTED_VALUE"""),"G-S25-FE 256GB BLACK (2025)") -> G-S25-FE 256GB BLACK (2025) | G86: =IFERROR(__xludf.DUMMYFUNCTION("""COMPUTED_VALUE"""),"RETURN") -> RETURN | H86: =IFERROR(__xludf.DUMMYFUNCTION("""COMPUTED_VALUE"""),46142.0) -> 46142 | J86: =IFERROR(__xludf.DUMMYFUNCTION("""COMPUTED_VALUE"""),"OLIV") -> OLIV | K86: =IFERROR(__xludf.DUMMYFUNCTION("""COMPUTED_VALUE"""),"RAMADAN CAMPAIGN") -> RAMADAN CAMPAIGN | L86: =IFERROR(__xludf.DUMMYFUNCTION("""COMPUTED_VALUE"""),"AVAILABLE IN AGENCY") -> AVAILABLE IN AGENCY | M86: =IFERROR(__xludf.DUMMYFUNCTION("""COMPUTED_VALUE"""),"LOANED / ON KOL") -> LOANED / ON KOL | N86: =IFERROR(__xludf.DUMMYFUNCTION("""COMPUTED_VALUE"""),"Azzura Bisyir") -> Azzura Bisyir
B87: =IFERROR(__xludf.DUMMYFUNCTION("""COMPUTED_VALUE"""),46076.0) -> 46076 | C87: =IFERROR(__xludf.DUMMYFUNCTION("""COMPUTED_VALUE"""),"MANDIE") -> MANDIE | D87: =IFERROR(__xludf.DUMMYFUNCTION("""COMPUTED_VALUE"""),"HANDPHONE") -> HANDPHONE | E87: =IFERROR(__xludf.DUMMYFUNCTION("""COMPUTED_VALUE"""),3.54922130015404E14) -> 354922130015404 | F87: =IFERROR(__xludf.DUMMYFUNCTION("""COMPUTED_VALUE"""),"G-S25-EDGE 256GB SILVER (2025)") -> G-S25-EDGE 256GB SILVER (2025) | G87: =IFERROR(__xludf.DUMMYFUNCTION("""COMPUTED_VALUE"""),"RETURN") -> RETURN | H87: =IFERROR(__xludf.DUMMYFUNCTION("""COMPUTED_VALUE"""),46142.0) -> 46142 | J87: =IFERROR(__xludf.DUMMYFUNCTION("""COMPUTED_VALUE"""),"OLIV") -> OLIV | K87: =IFERROR(__xludf.DUMMYFUNCTION("""COMPUTED_VALUE"""),"RAMADAN CAMPAIGN") -> RAMADAN CAMPAIGN | L87: =IFERROR(__xludf.DUMMYFUNCTION("""COMPUTED_VALUE"""),"AVAILABLE IN AGENCY") -> AVAILABLE IN AGENCY | M87: =IFERROR(__xludf.DUMMYFUNCTION("""COMPUTED_VALUE"""),"AVAILABLE") -> AVAILABLE | N87: =IFERROR(__xludf.DUMMYFUNCTION("""COMPUTED_VALUE"""),"-") -> -
B88: =IFERROR(__xludf.DUMMYFUNCTION("""COMPUTED_VALUE"""),46076.0) -> 46076 | C88: =IFERROR(__xludf.DUMMYFUNCTION("""COMPUTED_VALUE"""),"MANDIE") -> MANDIE | D88: =IFERROR(__xludf.DUMMYFUNCTION("""COMPUTED_VALUE"""),"TAB") -> TAB | E88: =IFERROR(__xludf.DUMMYFUNCTION("""COMPUTED_VALUE"""),3.58387120010078E14) -> 358387120010078 | F88: =IFERROR(__xludf.DUMMYFUNCTION("""COMPUTED_VALUE"""),"G-TAB--S11-ULTRA-5G GRAY (2025)") -> G-TAB--S11-ULTRA-5G GRAY (2025) | G88: =IFERROR(__xludf.DUMMYFUNCTION("""COMPUTED_VALUE"""),"RETURN") -> RETURN | H88: =IFERROR(__xludf.DUMMYFUNCTION("""COMPUTED_VALUE"""),46142.0) -> 46142 | J88: =IFERROR(__xludf.DUMMYFUNCTION("""COMPUTED_VALUE"""),"OLIV") -> OLIV | K88: =IFERROR(__xludf.DUMMYFUNCTION("""COMPUTED_VALUE"""),"RAMADAN CAMPAIGN") -> RAMADAN CAMPAIGN | L88: =IFERROR(__xludf.DUMMYFUNCTION("""COMPUTED_VALUE"""),"AVAILABLE IN AGENCY") -> AVAILABLE IN AGENCY | M88: =IFERROR(__xludf.DUMMYFUNCTION("""COMPUTED_VALUE"""),"LOANED / ON KOL") -> LOANED / ON KOL | N88: =IFERROR(__xludf.DUMMYFUNCTION("""COMPUTED_VALUE"""),"Taufanoz") -> Taufanoz
B89: =IFERROR(__xludf.DUMMYFUNCTION("""COMPUTED_VALUE"""),46076.0) -> 46076 | D89: =IFERROR(__xludf.DUMMYFUNCTION("""COMPUTED_VALUE"""),"HANDPHONE") -> HANDPHONE | E89: =IFERROR(__xludf.DUMMYFUNCTION("""COMPUTED_VALUE"""),3.54922130009894E14) -> 354922130009894 | F89: =IFERROR(__xludf.DUMMYFUNCTION("""COMPUTED_VALUE"""),"G-S25-EDGE 256GB SILVER") -> G-S25-EDGE 256GB SILVER | G89: =IFERROR(__xludf.DUMMYFUNCTION("""COMPUTED_VALUE"""),"RETURN") -> RETURN | J89: =IFERROR(__xludf.DUMMYFUNCTION("""COMPUTED_VALUE"""),"TASHYA") -> TASHYA | L89: =IFERROR(__xludf.DUMMYFUNCTION("""COMPUTED_VALUE"""),"AVAILABLE IN AGENCY") -> AVAILABLE IN AGENCY | M89: =IFERROR(__xludf.DUMMYFUNCTION("""COMPUTED_VALUE"""),"AVAILABLE") -> AVAILABLE | N89: =IFERROR(__xludf.DUMMYFUNCTION("""COMPUTED_VALUE"""),"-") -> - | P89: =IFERROR(__xludf.DUMMYFUNCTION("""COMPUTED_VALUE"""),"Pinnya belum tau") -> Pinnya belum tau
B90: =IFERROR(__xludf.DUMMYFUNCTION("""COMPUTED_VALUE"""),46076.0) -> 46076 | D90: =IFERROR(__xludf.DUMMYFUNCTION("""COMPUTED_VALUE"""),"WEARABLES") -> WEARABLES | F90: =IFERROR(__xludf.DUMMYFUNCTION("""COMPUTED_VALUE"""),"G-WATCH8 40MM SILVER (2025)") -> G-WATCH8 40MM SILVER (2025) | G90: =IFERROR(__xludf.DUMMYFUNCTION("""COMPUTED_VALUE"""),"RETURN") -> RETURN | J90: =IFERROR(__xludf.DUMMYFUNCTION("""COMPUTED_VALUE"""),"ABIGAIL") -> ABIGAIL | L90: =IFERROR(__xludf.DUMMYFUNCTION("""COMPUTED_VALUE"""),"AVAILABLE IN AGENCY") -> AVAILABLE IN AGENCY | M90: =IFERROR(__xludf.DUMMYFUNCTION("""COMPUTED_VALUE"""),"LOANED / ON KOL") -> LOANED / ON KOL | N90: =IFERROR(__xludf.DUMMYFUNCTION("""COMPUTED_VALUE"""),"Don (Ambil Hati Agency_") -> Don (Ambil Hati Agency_
B91: =IFERROR(__xludf.DUMMYFUNCTION("""COMPUTED_VALUE"""),46076.0) -> 46076 | D91: =IFERROR(__xludf.DUMMYFUNCTION("""COMPUTED_VALUE"""),"BUDS") -> BUDS | F91: =IFERROR(__xludf.DUMMYFUNCTION("""COMPUTED_VALUE"""),"G-BUDS3-FE WHITE") -> G-BUDS3-FE WHITE | G91: =IFERROR(__xludf.DUMMYFUNCTION("""COMPUTED_VALUE"""),"RETURN") -> RETURN | J91: =IFERROR(__xludf.DUMMYFUNCTION("""COMPUTED_VALUE"""),"ABIGAIL") -> ABIGAIL | L91: =IFERROR(__xludf.DUMMYFUNCTION("""COMPUTED_VALUE"""),"AVAILABLE IN AGENCY") -> AVAILABLE IN AGENCY | M91: =IFERROR(__xludf.DUMMYFUNCTION("""COMPUTED_VALUE"""),"AVAILABLE") -> AVAILABLE | N91: =IFERROR(__xludf.DUMMYFUNCTION("""COMPUTED_VALUE"""),"-") -> - | P91: =IFERROR(__xludf.DUMMYFUNCTION("""COMPUTED_VALUE"""),"Box Only") -> Box Only
B92: =IFERROR(__xludf.DUMMYFUNCTION("""COMPUTED_VALUE"""),46076.0) -> 46076 | D92: =IFERROR(__xludf.DUMMYFUNCTION("""COMPUTED_VALUE"""),"WEARABLES") -> WEARABLES | F92: =IFERROR(__xludf.DUMMYFUNCTION("""COMPUTED_VALUE"""),"G-WATCH8 GRAPHITE") -> G-WATCH8 GRAPHITE | G92: =IFERROR(__xludf.DUMMYFUNCTION("""COMPUTED_VALUE"""),"RETURN") -> RETURN | J92: =IFERROR(__xludf.DUMMYFUNCTION("""COMPUTED_VALUE"""),"ABIGAIL") -> ABIGAIL | L92: =IFERROR(__xludf.DUMMYFUNCTION("""COMPUTED_VALUE"""),"AVAILABLE IN AGENCY") -> AVAILABLE IN AGENCY | M92: =IFERROR(__xludf.DUMMYFUNCTION("""COMPUTED_VALUE"""),"AVAILABLE") -> AVAILABLE | N92: =IFERROR(__xludf.DUMMYFUNCTION("""COMPUTED_VALUE"""),"-") -> -
B93: =IFERROR(__xludf.DUMMYFUNCTION("""COMPUTED_VALUE"""),46076.0) -> 46076 | D93: =IFERROR(__xludf.DUMMYFUNCTION("""COMPUTED_VALUE"""),"WEARABLES") -> WEARABLES | F93: =IFERROR(__xludf.DUMMYFUNCTION("""COMPUTED_VALUE"""),"G-WATCH8 GRAPHITE") -> G-WATCH8 GRAPHITE | G93: =IFERROR(__xludf.DUMMYFUNCTION("""COMPUTED_VALUE"""),"RETURN") -> RETURN | J93: =IFERROR(__xludf.DUMMYFUNCTION("""COMPUTED_VALUE"""),"ABIGAIL") -> ABIGAIL | L93: =IFERROR(__xludf.DUMMYFUNCTION("""COMPUTED_VALUE"""),"AVAILABLE IN AGENCY") -> AVAILABLE IN AGENCY | M93: =IFERROR(__xludf.DUMMYFUNCTION("""COMPUTED_VALUE"""),"AVAILABLE") -> AVAILABLE | N93: =IFERROR(__xludf.DUMMYFUNCTION("""COMPUTED_VALUE"""),"-") -> -
B94: =IFERROR(__xludf.DUMMYFUNCTION("""COMPUTED_VALUE"""),46076.0) -> 46076 | D94: =IFERROR(__xludf.DUMMYFUNCTION("""COMPUTED_VALUE"""),"WEARABLES") -> WEARABLES | F94: =IFERROR(__xludf.DUMMYFUNCTION("""COMPUTED_VALUE"""),"G-WATCH8 GRAPHITE") -> G-WATCH8 GRAPHITE | G94: =IFERROR(__xludf.DUMMYFUNCTION("""COMPUTED_VALUE"""),"RETURN") -> RETURN | J94: =IFERROR(__xludf.DUMMYFUNCTION("""COMPUTED_VALUE"""),"ABIGAIL") -> ABIGAIL | L94: =IFERROR(__xludf.DUMMYFUNCTION("""COMPUTED_VALUE"""),"AVAILABLE IN AGENCY") -> AVAILABLE IN AGENCY | M94: =IFERROR(__xludf.DUMMYFUNCTION("""COMPUTED_VALUE"""),"LOANED / ON KOL") -> LOANED / ON KOL | N94: =IFERROR(__xludf.DUMMYFUNCTION("""COMPUTED_VALUE"""),"Putu Aditya (Govinda Rumi)") -> Putu Aditya (Govinda Rumi)
B95: =IFERROR(__xludf.DUMMYFUNCTION("""COMPUTED_VALUE"""),46077.0) -> 46077 | C95: =IFERROR(__xludf.DUMMYFUNCTION("""COMPUTED_VALUE"""),"ANNELA") -> ANNELA | D95: =IFERROR(__xludf.DUMMYFUNCTION("""COMPUTED_VALUE"""),"HANDPHONE") -> HANDPHONE | E95: =IFERROR(__xludf.DUMMYFUNCTION("""COMPUTED_VALUE"""),3.58780495000767E14) -> 358780495000767 | F95: =IFERROR(__xludf.DUMMYFUNCTION("""COMPUTED_VALUE"""),"G-S26-ULTRA 256GB SILVER") -> G-S26-ULTRA 256GB SILVER | G95: =IFERROR(__xludf.DUMMYFUNCTION("""COMPUTED_VALUE"""),"RETURN") -> RETURN | H95: =IFERROR(__xludf.DUMMYFUNCTION("""COMPUTED_VALUE"""),46265.0) -> 46265 | J95: =IFERROR(__xludf.DUMMYFUNCTION("""COMPUTED_VALUE"""),"ALIYA") -> ALIYA | K95: =IFERROR(__xludf.DUMMYFUNCTION("""COMPUTED_VALUE"""),"Miracle") -> Miracle | L95: =IFERROR(__xludf.DUMMYFUNCTION("""COMPUTED_VALUE"""),"AVAILABLE IN AGENCY") -> AVAILABLE IN AGENCY | M95: =IFERROR(__xludf.DUMMYFUNCTION("""COMPUTED_VALUE"""),"LOANED / ON KOL") -> LOANED / ON KOL | N95: =IFERROR(__xludf.DUMMYFUNCTION("""COMPUTED_VALUE"""),"Nona") -> Nona
B96: =IFERROR(__xludf.DUMMYFUNCTION("""COMPUTED_VALUE"""),46077.0) -> 46077 | C96: =IFERROR(__xludf.DUMMYFUNCTION("""COMPUTED_VALUE"""),"ANNELA") -> ANNELA | D96: =IFERROR(__xludf.DUMMYFUNCTION("""COMPUTED_VALUE"""),"HANDPHONE") -> HANDPHONE | E96: =IFERROR(__xludf.DUMMYFUNCTION("""COMPUTED_VALUE"""),3.58780495015658E14) -> 358780495015658 | F96: =IFERROR(__xludf.DUMMYFUNCTION("""COMPUTED_VALUE"""),"G-S26-ULTRA 256GB COBALT VIOLET") -> G-S26-ULTRA 256GB COBALT VIOLET | G96: =IFERROR(__xludf.DUMMYFUNCTION("""COMPUTED_VALUE"""),"RETURN") -> RETURN | H96: =IFERROR(__xludf.DUMMYFUNCTION("""COMPUTED_VALUE"""),46265.0) -> 46265 | J96: =IFERROR(__xludf.DUMMYFUNCTION("""COMPUTED_VALUE"""),"ALIYA") -> ALIYA | K96: =IFERROR(__xludf.DUMMYFUNCTION("""COMPUTED_VALUE"""),"Miracle") -> Miracle | L96: =IFERROR(__xludf.DUMMYFUNCTION("""COMPUTED_VALUE"""),"AVAILABLE IN AGENCY") -> AVAILABLE IN AGENCY | M96: =IFERROR(__xludf.DUMMYFUNCTION("""COMPUTED_VALUE"""),"LOANED / ON KOL") -> LOANED / ON KOL | N96: =IFERROR(__xludf.DUMMYFUNCTION("""COMPUTED_VALUE"""),"Jeffry Reksa") -> Jeffry Reksa
B97: =IFERROR(__xludf.DUMMYFUNCTION("""COMPUTED_VALUE"""),46077.0) -> 46077 | C97: =IFERROR(__xludf.DUMMYFUNCTION("""COMPUTED_VALUE"""),"ANNELA") -> ANNELA | D97: =IFERROR(__xludf.DUMMYFUNCTION("""COMPUTED_VALUE"""),"HANDPHONE") -> HANDPHONE | E97: =IFERROR(__xludf.DUMMYFUNCTION("""COMPUTED_VALUE"""),3.52425615134999E14) -> 352425615134999 | F97: =IFERROR(__xludf.DUMMYFUNCTION("""COMPUTED_VALUE"""),"G-S26-ULTRA 512GB BLACK") -> G-S26-ULTRA 512GB BLACK | G97: =IFERROR(__xludf.DUMMYFUNCTION("""COMPUTED_VALUE"""),"RETURN") -> RETURN | H97: =IFERROR(__xludf.DUMMYFUNCTION("""COMPUTED_VALUE"""),46265.0) -> 46265 | J97: =IFERROR(__xludf.DUMMYFUNCTION("""COMPUTED_VALUE"""),"ALIYA") -> ALIYA | K97: =IFERROR(__xludf.DUMMYFUNCTION("""COMPUTED_VALUE"""),"Miracle") -> Miracle | L97: =IFERROR(__xludf.DUMMYFUNCTION("""COMPUTED_VALUE"""),"AVAILABLE IN AGENCY") -> AVAILABLE IN AGENCY | M97: =IFERROR(__xludf.DUMMYFUNCTION("""COMPUTED_VALUE"""),"AVAILABLE") -> AVAILABLE | N97: =IFERROR(__xludf.DUMMYFUNCTION("""COMPUTED_VALUE"""),"-") -> -
B98: =IFERROR(__xludf.DUMMYFUNCTION("""COMPUTED_VALUE"""),46077.0) -> 46077 | C98: =IFERROR(__xludf.DUMMYFUNCTION("""COMPUTED_VALUE"""),"ANNELA") -> ANNELA | D98: =IFERROR(__xludf.DUMMYFUNCTION("""COMPUTED_VALUE"""),"HANDPHONE") -> HANDPHONE | E98: =IFERROR(__xludf.DUMMYFUNCTION("""COMPUTED_VALUE"""),3.58780495000254E14) -> 358780495000254 | F98: =IFERROR(__xludf.DUMMYFUNCTION("""COMPUTED_VALUE"""),"G-S26-ULTRA 256GB PINKGOLD") -> G-S26-ULTRA 256GB PINKGOLD | G98: =IFERROR(__xludf.DUMMYFUNCTION("""COMPUTED_VALUE"""),"RETURN") -> RETURN | H98: =IFERROR(__xludf.DUMMYFUNCTION("""COMPUTED_VALUE"""),46265.0) -> 46265 | J98: =IFERROR(__xludf.DUMMYFUNCTION("""COMPUTED_VALUE"""),"ALIYA") -> ALIYA | K98: =IFERROR(__xludf.DUMMYFUNCTION("""COMPUTED_VALUE"""),"Miracle") -> Miracle | L98: =IFERROR(__xludf.DUMMYFUNCTION("""COMPUTED_VALUE"""),"AVAILABLE IN AGENCY") -> AVAILABLE IN AGENCY | M98: =IFERROR(__xludf.DUMMYFUNCTION("""COMPUTED_VALUE"""),"LOANED / ON KOL") -> LOANED / ON KOL | N98: =IFERROR(__xludf.DUMMYFUNCTION("""COMPUTED_VALUE"""),"Pevent ") -> Pevent
B99: =IFERROR(__xludf.DUMMYFUNCTION("""COMPUTED_VALUE"""),46077.0) -> 46077 | C99: =IFERROR(__xludf.DUMMYFUNCTION("""COMPUTED_VALUE"""),"ANNELA") -> ANNELA | D99: =IFERROR(__xludf.DUMMYFUNCTION("""COMPUTED_VALUE"""),"HANDPHONE") -> HANDPHONE | E99: =IFERROR(__xludf.DUMMYFUNCTION("""COMPUTED_VALUE"""),3.58780495001591E14) -> 358780495001591 | F99: =IFERROR(__xludf.DUMMYFUNCTION("""COMPUTED_VALUE"""),"G-S26-ULTRA 256GB WHITE") -> G-S26-ULTRA 256GB WHITE | G99: =IFERROR(__xludf.DUMMYFUNCTION("""COMPUTED_VALUE"""),"RETURN") -> RETURN | H99: =IFERROR(__xludf.DUMMYFUNCTION("""COMPUTED_VALUE"""),46265.0) -> 46265 | J99: =IFERROR(__xludf.DUMMYFUNCTION("""COMPUTED_VALUE"""),"ALIYA") -> ALIYA | K99: =IFERROR(__xludf.DUMMYFUNCTION("""COMPUTED_VALUE"""),"Miracle") -> Miracle | L99: =IFERROR(__xludf.DUMMYFUNCTION("""COMPUTED_VALUE"""),"AVAILABLE IN AGENCY") -> AVAILABLE IN AGENCY | M99: =IFERROR(__xludf.DUMMYFUNCTION("""COMPUTED_VALUE"""),"LOANED / ON KOL") -> LOANED / ON KOL | N99: =IFERROR(__xludf.DUMMYFUNCTION("""COMPUTED_VALUE"""),"Jordy") -> Jordy
B100: =IFERROR(__xludf.DUMMYFUNCTION("""COMPUTED_VALUE"""),46077.0) -> 46077 | C100: =IFERROR(__xludf.DUMMYFUNCTION("""COMPUTED_VALUE"""),"ANNELA") -> ANNELA | D100: =IFERROR(__xludf.DUMMYFUNCTION("""COMPUTED_VALUE"""),"HANDPHONE") -> HANDPHONE | E100: =IFERROR(__xludf.DUMMYFUNCTION("""COMPUTED_VALUE"""),3.58780495000361E14) -> 358780495000361 | F100: =IFERROR(__xludf.DUMMYFUNCTION("""COMPUTED_VALUE"""),"G-S26-ULTRA 256GB SILVER") -> G-S26-ULTRA 256GB SILVER | G100: =IFERROR(__xludf.DUMMYFUNCTION("""COMPUTED_VALUE"""),"RETURN") -> RETURN | H100: =IFERROR(__xludf.DUMMYFUNCTION("""COMPUTED_VALUE"""),46265.0) -> 46265 | J100: =IFERROR(__xludf.DUMMYFUNCTION("""COMPUTED_VALUE"""),"ALIYA") -> ALIYA | K100: =IFERROR(__xludf.DUMMYFUNCTION("""COMPUTED_VALUE"""),"Miracle") -> Miracle | L100: =IFERROR(__xludf.DUMMYFUNCTION("""COMPUTED_VALUE"""),"AVAILABLE IN AGENCY") -> AVAILABLE IN AGENCY | M100: =IFERROR(__xludf.DUMMYFUNCTION("""COMPUTED_VALUE"""),"LOANED / ON KOL") -> LOANED / ON KOL | N100: =IFERROR(__xludf.DUMMYFUNCTION("""COMPUTED_VALUE"""),"Dhyfa") -> Dhyfa
...

Sheet Step 2.2 FOC UnReturn
B1: DATE OF RECEIPT | C1: SEIN PIC NAME | D1: FOC TYPE | E1: SERIAL NUMBER (IMEI/SN) | F1: UNIT NAME | G1: FOC STATUS | H1: PLANNED RETURN DATE | I1: RECEIVED DATE TIME STAMP (LINK) | J1: GOAT PIC (PLANNER) | K1: CAMPAIGN NAME | L1: STATUS | M1: STATUS LOCATION | N1: ON HOLDER | O1: RETURN TO TCC RECEIPT (LINK) | P1: COMMENTS
B2: =IFERROR(__xludf.DUMMYFUNCTION("QUERY('Step 1 Data Bank'!B:P, ""SELECT * WHERE G = 'UNRETURN'"", 0) "),46071.0) -> 46071 | D2: =IFERROR(__xludf.DUMMYFUNCTION("""COMPUTED_VALUE"""),"HANDPHONE") -> HANDPHONE | E2: =IFERROR(__xludf.DUMMYFUNCTION("""COMPUTED_VALUE"""),3.54922130002634E14) -> 354922130002634 | F2: =IFERROR(__xludf.DUMMYFUNCTION("""COMPUTED_VALUE"""),"G-S25-EDGE 256GB JETBLACK") -> G-S25-EDGE 256GB JETBLACK | G2: =IFERROR(__xludf.DUMMYFUNCTION("""COMPUTED_VALUE"""),"UNRETURN") -> UNRETURN | J2: =IFERROR(__xludf.DUMMYFUNCTION("""COMPUTED_VALUE"""),"MARTIN") -> MARTIN | L2: =IFERROR(__xludf.DUMMYFUNCTION("""COMPUTED_VALUE"""),"AVAILABLE IN AGENCY") -> AVAILABLE IN AGENCY | M2: =IFERROR(__xludf.DUMMYFUNCTION("""COMPUTED_VALUE"""),"AVAILABLE") -> AVAILABLE | N2: =IFERROR(__xludf.DUMMYFUNCTION("""COMPUTED_VALUE"""),"-") -> -
B3: =IFERROR(__xludf.DUMMYFUNCTION("""COMPUTED_VALUE"""),46071.0) -> 46071 | D3: =IFERROR(__xludf.DUMMYFUNCTION("""COMPUTED_VALUE"""),"HANDPHONE") -> HANDPHONE | E3: =IFERROR(__xludf.DUMMYFUNCTION("""COMPUTED_VALUE"""),3.52722665255306E14) -> 352722665255306 | F3: =IFERROR(__xludf.DUMMYFUNCTION("""COMPUTED_VALUE"""),"G-S24-ULTRA 256GB BLACK") -> G-S24-ULTRA 256GB BLACK | G3: =IFERROR(__xludf.DUMMYFUNCTION("""COMPUTED_VALUE"""),"UNRETURN") -> UNRETURN | L3: =IFERROR(__xludf.DUMMYFUNCTION("""COMPUTED_VALUE"""),"AVAILABLE IN AGENCY") -> AVAILABLE IN AGENCY | M3: =IFERROR(__xludf.DUMMYFUNCTION("""COMPUTED_VALUE"""),"AVAILABLE") -> AVAILABLE | N3: =IFERROR(__xludf.DUMMYFUNCTION("""COMPUTED_VALUE"""),"-") -> -
B4: =IFERROR(__xludf.DUMMYFUNCTION("""COMPUTED_VALUE"""),46071.0) -> 46071 | D4: =IFERROR(__xludf.DUMMYFUNCTION("""COMPUTED_VALUE"""),"HANDPHONE") -> HANDPHONE | E4: =IFERROR(__xludf.DUMMYFUNCTION("""COMPUTED_VALUE"""),3.50009210058175E14) -> 350009210058175 | F4: =IFERROR(__xludf.DUMMYFUNCTION("""COMPUTED_VALUE"""),"G-S24-FE 256GB GRAPHITE") -> G-S24-FE 256GB GRAPHITE | G4: =IFERROR(__xludf.DUMMYFUNCTION("""COMPUTED_VALUE"""),"UNRETURN") -> UNRETURN | L4: =IFERROR(__xludf.DUMMYFUNCTION("""COMPUTED_VALUE"""),"AVAILABLE IN AGENCY") -> AVAILABLE IN AGENCY | M4: =IFERROR(__xludf.DUMMYFUNCTION("""COMPUTED_VALUE"""),"AVAILABLE") -> AVAILABLE | N4: =IFERROR(__xludf.DUMMYFUNCTION("""COMPUTED_VALUE"""),"-") -> -
B5: =IFERROR(__xludf.DUMMYFUNCTION("""COMPUTED_VALUE"""),46071.0) -> 46071 | D5: =IFERROR(__xludf.DUMMYFUNCTION("""COMPUTED_VALUE"""),"HANDPHONE") -> HANDPHONE | E5: =IFERROR(__xludf.DUMMYFUNCTION("""COMPUTED_VALUE"""),3.54922130002147E14) -> 354922130002147 | F5: =IFERROR(__xludf.DUMMYFUNCTION("""COMPUTED_VALUE"""),"G-S25-EDGE 256GB ICYBLUE") -> G-S25-EDGE 256GB ICYBLUE | G5: =IFERROR(__xludf.DUMMYFUNCTION("""COMPUTED_VALUE"""),"UNRETURN") -> UNRETURN | J5: =IFERROR(__xludf.DUMMYFUNCTION("""COMPUTED_VALUE"""),"MARTIN") -> MARTIN | L5: =IFERROR(__xludf.DUMMYFUNCTION("""COMPUTED_VALUE"""),"AVAILABLE IN AGENCY") -> AVAILABLE IN AGENCY | M5: =IFERROR(__xludf.DUMMYFUNCTION("""COMPUTED_VALUE"""),"AVAILABLE") -> AVAILABLE | N5: =IFERROR(__xludf.DUMMYFUNCTION("""COMPUTED_VALUE"""),"-") -> -
B6: =IFERROR(__xludf.DUMMYFUNCTION("""COMPUTED_VALUE"""),46071.0) -> 46071 | D6: =IFERROR(__xludf.DUMMYFUNCTION("""COMPUTED_VALUE"""),"HANDPHONE") -> HANDPHONE | E6: =IFERROR(__xludf.DUMMYFUNCTION("""COMPUTED_VALUE"""),3.5071626000505E14) -> 350716260005050 | F6: =IFERROR(__xludf.DUMMYFUNCTION("""COMPUTED_VALUE"""),"G-M15-5G 128GB BLUE") -> G-M15-5G 128GB BLUE | G6: =IFERROR(__xludf.DUMMYFUNCTION("""COMPUTED_VALUE"""),"UNRETURN") -> UNRETURN | J6: =IFERROR(__xludf.DUMMYFUNCTION("""COMPUTED_VALUE"""),"RIZAL") -> RIZAL | L6: =IFERROR(__xludf.DUMMYFUNCTION("""COMPUTED_VALUE"""),"AVAILABLE IN AGENCY") -> AVAILABLE IN AGENCY | M6: =IFERROR(__xludf.DUMMYFUNCTION("""COMPUTED_VALUE"""),"AVAILABLE") -> AVAILABLE | N6: =IFERROR(__xludf.DUMMYFUNCTION("""COMPUTED_VALUE"""),"-") -> -
B7: =IFERROR(__xludf.DUMMYFUNCTION("""COMPUTED_VALUE"""),46071.0) -> 46071 | D7: =IFERROR(__xludf.DUMMYFUNCTION("""COMPUTED_VALUE"""),"HANDPHONE") -> HANDPHONE | E7: =IFERROR(__xludf.DUMMYFUNCTION("""COMPUTED_VALUE"""),3.50716260022352E14) -> 350716260022352 | F7: =IFERROR(__xludf.DUMMYFUNCTION("""COMPUTED_VALUE"""),"G-M15-5G 128GB GRAY") -> G-M15-5G 128GB GRAY | G7: =IFERROR(__xludf.DUMMYFUNCTION("""COMPUTED_VALUE"""),"UNRETURN") -> UNRETURN | J7: =IFERROR(__xludf.DUMMYFUNCTION("""COMPUTED_VALUE"""),"RIZAL") -> RIZAL | L7: =IFERROR(__xludf.DUMMYFUNCTION("""COMPUTED_VALUE"""),"AVAILABLE IN AGENCY") -> AVAILABLE IN AGENCY | M7: =IFERROR(__xludf.DUMMYFUNCTION("""COMPUTED_VALUE"""),"AVAILABLE") -> AVAILABLE | N7: =IFERROR(__xludf.DUMMYFUNCTION("""COMPUTED_VALUE"""),"-") -> -
B8: =IFERROR(__xludf.DUMMYFUNCTION("""COMPUTED_VALUE"""),46071.0) -> 46071 | D8: =IFERROR(__xludf.DUMMYFUNCTION("""COMPUTED_VALUE"""),"HANDPHONE") -> HANDPHONE | E8: =IFERROR(__xludf.DUMMYFUNCTION("""COMPUTED_VALUE"""),3.53567821133866E14) -> 353567821133866 | F8: =IFERROR(__xludf.DUMMYFUNCTION("""COMPUTED_VALUE"""),"G-A26-5G 256GB BLACK") -> G-A26-5G 256GB BLACK | G8: =IFERROR(__xludf.DUMMYFUNCTION("""COMPUTED_VALUE"""),"UNRETURN") -> UNRETURN | J8: =IFERROR(__xludf.DUMMYFUNCTION("""COMPUTED_VALUE"""),"SALMA") -> SALMA | L8: =IFERROR(__xludf.DUMMYFUNCTION("""COMPUTED_VALUE"""),"AVAILABLE IN AGENCY") -> AVAILABLE IN AGENCY | M8: =IFERROR(__xludf.DUMMYFUNCTION("""COMPUTED_VALUE"""),"AVAILABLE") -> AVAILABLE | N8: =IFERROR(__xludf.DUMMYFUNCTION("""COMPUTED_VALUE"""),"-") -> -
B9: =IFERROR(__xludf.DUMMYFUNCTION("""COMPUTED_VALUE"""),46071.0) -> 46071 | D9: =IFERROR(__xludf.DUMMYFUNCTION("""COMPUTED_VALUE"""),"HANDPHONE") -> HANDPHONE | E9: =IFERROR(__xludf.DUMMYFUNCTION("""COMPUTED_VALUE"""),3.53567821056356E14) -> 353567821056356 | F9: =IFERROR(__xludf.DUMMYFUNCTION("""COMPUTED_VALUE"""),"G-A26-5G 256GB PEACH PINK") -> G-A26-5G 256GB PEACH PINK | G9: =IFERROR(__xludf.DUMMYFUNCTION("""COMPUTED_VALUE"""),"UNRETURN") -> UNRETURN | J9: =IFERROR(__xludf.DUMMYFUNCTION("""COMPUTED_VALUE"""),"SALMA") -> SALMA | L9: =IFERROR(__xludf.DUMMYFUNCTION("""COMPUTED_VALUE"""),"AVAILABLE IN AGENCY") -> AVAILABLE IN AGENCY | M9: =IFERROR(__xludf.DUMMYFUNCTION("""COMPUTED_VALUE"""),"AVAILABLE") -> AVAILABLE | N9: =IFERROR(__xludf.DUMMYFUNCTION("""COMPUTED_VALUE"""),"-") -> -
B10: =IFERROR(__xludf.DUMMYFUNCTION("""COMPUTED_VALUE"""),46071.0) -> 46071 | D10: =IFERROR(__xludf.DUMMYFUNCTION("""COMPUTED_VALUE"""),"HANDPHONE") -> HANDPHONE | E10: =IFERROR(__xludf.DUMMYFUNCTION("""COMPUTED_VALUE"""),3.53567821046225E14) -> 353567821046225 | F10: =IFERROR(__xludf.DUMMYFUNCTION("""COMPUTED_VALUE"""),"G-A26-5G 256GB MINT") -> G-A26-5G 256GB MINT | G10: =IFERROR(__xludf.DUMMYFUNCTION("""COMPUTED_VALUE"""),"UNRETURN") -> UNRETURN | J10: =IFERROR(__xludf.DUMMYFUNCTION("""COMPUTED_VALUE"""),"SALMA") -> SALMA | L10: =IFERROR(__xludf.DUMMYFUNCTION("""COMPUTED_VALUE"""),"AVAILABLE IN AGENCY") -> AVAILABLE IN AGENCY | M10: =IFERROR(__xludf.DUMMYFUNCTION("""COMPUTED_VALUE"""),"AVAILABLE") -> AVAILABLE | N10: =IFERROR(__xludf.DUMMYFUNCTION("""COMPUTED_VALUE"""),"-") -> -
B11: =IFERROR(__xludf.DUMMYFUNCTION("""COMPUTED_VALUE"""),46071.0) -> 46071 | D11: =IFERROR(__xludf.DUMMYFUNCTION("""COMPUTED_VALUE"""),"HANDPHONE") -> HANDPHONE | E11: =IFERROR(__xludf.DUMMYFUNCTION("""COMPUTED_VALUE"""),3.51182450353603E14) -> 351182450353603 | F11: =IFERROR(__xludf.DUMMYFUNCTION("""COMPUTED_VALUE"""),"G-A16-5G 256GB BLACK") -> G-A16-5G 256GB BLACK | G11: =IFERROR(__xludf.DUMMYFUNCTION("""COMPUTED_VALUE"""),"UNRETURN") -> UNRETURN | J11: =IFERROR(__xludf.DUMMYFUNCTION("""COMPUTED_VALUE"""),"RIZAL") -> RIZAL | L11: =IFERROR(__xludf.DUMMYFUNCTION("""COMPUTED_VALUE"""),"AVAILABLE IN AGENCY") -> AVAILABLE IN AGENCY | M11: =IFERROR(__xludf.DUMMYFUNCTION("""COMPUTED_VALUE"""),"AVAILABLE") -> AVAILABLE | N11: =IFERROR(__xludf.DUMMYFUNCTION("""COMPUTED_VALUE"""),"-") -> -
B12: =IFERROR(__xludf.DUMMYFUNCTION("""COMPUTED_VALUE"""),46071.0) -> 46071 | D12: =IFERROR(__xludf.DUMMYFUNCTION("""COMPUTED_VALUE"""),"HANDPHONE") -> HANDPHONE | E12: =IFERROR(__xludf.DUMMYFUNCTION("""COMPUTED_VALUE"""),3.51182450157541E14) -> 351182450157541 | F12: =IFERROR(__xludf.DUMMYFUNCTION("""COMPUTED_VALUE"""),"G-A16-5G 256GB WHITE") -> G-A16-5G 256GB WHITE | G12: =IFERROR(__xludf.DUMMYFUNCTION("""COMPUTED_VALUE"""),"UNRETURN") -> UNRETURN | J12: =IFERROR(__xludf.DUMMYFUNCTION("""COMPUTED_VALUE"""),"RIZAL") -> RIZAL | L12: =IFERROR(__xludf.DUMMYFUNCTION("""COMPUTED_VALUE"""),"AVAILABLE IN AGENCY") -> AVAILABLE IN AGENCY | M12: =IFERROR(__xludf.DUMMYFUNCTION("""COMPUTED_VALUE"""),"AVAILABLE") -> AVAILABLE | N12: =IFERROR(__xludf.DUMMYFUNCTION("""COMPUTED_VALUE"""),"-") -> -
B13: =IFERROR(__xludf.DUMMYFUNCTION("""COMPUTED_VALUE"""),46071.0) -> 46071 | D13: =IFERROR(__xludf.DUMMYFUNCTION("""COMPUTED_VALUE"""),"HANDPHONE") -> HANDPHONE | E13: =IFERROR(__xludf.DUMMYFUNCTION("""COMPUTED_VALUE"""),3.5297878002644E14) -> 352978780026440 | F13: =IFERROR(__xludf.DUMMYFUNCTION("""COMPUTED_VALUE"""),"G-A06 64GB LIGHT BLUE") -> G-A06 64GB LIGHT BLUE | G13: =IFERROR(__xludf.DUMMYFUNCTION("""COMPUTED_VALUE"""),"UNRETURN") -> UNRETURN | J13: =IFERROR(__xludf.DUMMYFUNCTION("""COMPUTED_VALUE"""),"RIZAL") -> RIZAL | L13: =IFERROR(__xludf.DUMMYFUNCTION("""COMPUTED_VALUE"""),"AVAILABLE IN AGENCY") -> AVAILABLE IN AGENCY | M13: =IFERROR(__xludf.DUMMYFUNCTION("""COMPUTED_VALUE"""),"AVAILABLE") -> AVAILABLE | N13: =IFERROR(__xludf.DUMMYFUNCTION("""COMPUTED_VALUE"""),"-") -> -
B14: =IFERROR(__xludf.DUMMYFUNCTION("""COMPUTED_VALUE"""),46071.0) -> 46071 | D14: =IFERROR(__xludf.DUMMYFUNCTION("""COMPUTED_VALUE"""),"HANDPHONE") -> HANDPHONE | E14: =IFERROR(__xludf.DUMMYFUNCTION("""COMPUTED_VALUE"""),3.52978780013521E14) -> 352978780013521 | F14: =IFERROR(__xludf.DUMMYFUNCTION("""COMPUTED_VALUE"""),"G-A06 64GB BLACK") -> G-A06 64GB BLACK | G14: =IFERROR(__xludf.DUMMYFUNCTION("""COMPUTED_VALUE"""),"UNRETURN") -> UNRETURN | J14: =IFERROR(__xludf.DUMMYFUNCTION("""COMPUTED_VALUE"""),"RIZAL") -> RIZAL | L14: =IFERROR(__xludf.DUMMYFUNCTION("""COMPUTED_VALUE"""),"AVAILABLE IN AGENCY") -> AVAILABLE IN AGENCY | M14: =IFERROR(__xludf.DUMMYFUNCTION("""COMPUTED_VALUE"""),"AVAILABLE") -> AVAILABLE | N14: =IFERROR(__xludf.DUMMYFUNCTION("""COMPUTED_VALUE"""),"-") -> -
B15: =IFERROR(__xludf.DUMMYFUNCTION("""COMPUTED_VALUE"""),46071.0) -> 46071 | D15: =IFERROR(__xludf.DUMMYFUNCTION("""COMPUTED_VALUE"""),"HANDPHONE") -> HANDPHONE | E15: =IFERROR(__xludf.DUMMYFUNCTION("""COMPUTED_VALUE"""),3.50334720924322E14) -> 350334720924322 | F15: =IFERROR(__xludf.DUMMYFUNCTION("""COMPUTED_VALUE"""),"G-A06-5G 128GB LIGHT GRAY") -> G-A06-5G 128GB LIGHT GRAY | G15: =IFERROR(__xludf.DUMMYFUNCTION("""COMPUTED_VALUE"""),"UNRETURN") -> UNRETURN | J15: =IFERROR(__xludf.DUMMYFUNCTION("""COMPUTED_VALUE"""),"ADISTI") -> ADISTI | L15: =IFERROR(__xludf.DUMMYFUNCTION("""COMPUTED_VALUE"""),"AVAILABLE IN AGENCY") -> AVAILABLE IN AGENCY | M15: =IFERROR(__xludf.DUMMYFUNCTION("""COMPUTED_VALUE"""),"AVAILABLE") -> AVAILABLE | N15: =IFERROR(__xludf.DUMMYFUNCTION("""COMPUTED_VALUE"""),"-") -> -
B16: =IFERROR(__xludf.DUMMYFUNCTION("""COMPUTED_VALUE"""),46071.0) -> 46071 | D16: =IFERROR(__xludf.DUMMYFUNCTION("""COMPUTED_VALUE"""),"HANDPHONE") -> HANDPHONE | E16: =IFERROR(__xludf.DUMMYFUNCTION("""COMPUTED_VALUE"""),3.5033472117909E14) -> 350334721179090 | F16: =IFERROR(__xludf.DUMMYFUNCTION("""COMPUTED_VALUE"""),"G-A06-5G 128GB LIGHT GREEN") -> G-A06-5G 128GB LIGHT GREEN | G16: =IFERROR(__xludf.DUMMYFUNCTION("""COMPUTED_VALUE"""),"UNRETURN") -> UNRETURN | J16: =IFERROR(__xludf.DUMMYFUNCTION("""COMPUTED_VALUE"""),"ADISTI") -> ADISTI | L16: =IFERROR(__xludf.DUMMYFUNCTION("""COMPUTED_VALUE"""),"AVAILABLE IN AGENCY") -> AVAILABLE IN AGENCY | M16: =IFERROR(__xludf.DUMMYFUNCTION("""COMPUTED_VALUE"""),"AVAILABLE") -> AVAILABLE | N16: =IFERROR(__xludf.DUMMYFUNCTION("""COMPUTED_VALUE"""),"-") -> -
B17: =IFERROR(__xludf.DUMMYFUNCTION("""COMPUTED_VALUE"""),46071.0) -> 46071 | D17: =IFERROR(__xludf.DUMMYFUNCTION("""COMPUTED_VALUE"""),"HANDPHONE") -> HANDPHONE | E17: =IFERROR(__xludf.DUMMYFUNCTION("""COMPUTED_VALUE"""),3.5000921000167E14) -> 350009210001670 | F17: =IFERROR(__xludf.DUMMYFUNCTION("""COMPUTED_VALUE"""),"G-S24-FE 256GB GRAPHITE") -> G-S24-FE 256GB GRAPHITE | G17: =IFERROR(__xludf.DUMMYFUNCTION("""COMPUTED_VALUE"""),"UNRETURN") -> UNRETURN | J17: =IFERROR(__xludf.DUMMYFUNCTION("""COMPUTED_VALUE"""),"SALMA") -> SALMA | L17: =IFERROR(__xludf.DUMMYFUNCTION("""COMPUTED_VALUE"""),"AVAILABLE IN AGENCY") -> AVAILABLE IN AGENCY | M17: =IFERROR(__xludf.DUMMYFUNCTION("""COMPUTED_VALUE"""),"AVAILABLE") -> AVAILABLE | N17: =IFERROR(__xludf.DUMMYFUNCTION("""COMPUTED_VALUE"""),"-") -> -
B18: =IFERROR(__xludf.DUMMYFUNCTION("""COMPUTED_VALUE"""),46071.0) -> 46071 | D18: =IFERROR(__xludf.DUMMYFUNCTION("""COMPUTED_VALUE"""),"HANDPHONE") -> HANDPHONE | E18: =IFERROR(__xludf.DUMMYFUNCTION("""COMPUTED_VALUE"""),3.54922130003632E14) -> 354922130003632 | F18: =IFERROR(__xludf.DUMMYFUNCTION("""COMPUTED_VALUE"""),"G-S25-EDGE 256GB SILVER") -> G-S25-EDGE 256GB SILVER | G18: =IFERROR(__xludf.DUMMYFUNCTION("""COMPUTED_VALUE"""),"UNRETURN") -> UNRETURN | J18: =IFERROR(__xludf.DUMMYFUNCTION("""COMPUTED_VALUE"""),"MARTIN") -> MARTIN | L18: =IFERROR(__xludf.DUMMYFUNCTION("""COMPUTED_VALUE"""),"AVAILABLE IN AGENCY") -> AVAILABLE IN AGENCY | M18: =IFERROR(__xludf.DUMMYFUNCTION("""COMPUTED_VALUE"""),"AVAILABLE") -> AVAILABLE | N18: =IFERROR(__xludf.DUMMYFUNCTION("""COMPUTED_VALUE"""),"-") -> -
B19: =IFERROR(__xludf.DUMMYFUNCTION("""COMPUTED_VALUE"""),46071.0) -> 46071 | D19: =IFERROR(__xludf.DUMMYFUNCTION("""COMPUTED_VALUE"""),"HANDPHONE") -> HANDPHONE | E19: =IFERROR(__xludf.DUMMYFUNCTION("""COMPUTED_VALUE"""),3.55851150277777E14) -> 355851150277777 | F19: =IFERROR(__xludf.DUMMYFUNCTION("""COMPUTED_VALUE"""),"G A17-5G 128GB GRAY") -> G A17-5G 128GB GRAY | G19: =IFERROR(__xludf.DUMMYFUNCTION("""COMPUTED_VALUE"""),"UNRETURN") -> UNRETURN | J19: =IFERROR(__xludf.DUMMYFUNCTION("""COMPUTED_VALUE"""),"OLIV") -> OLIV | L19: =IFERROR(__xludf.DUMMYFUNCTION("""COMPUTED_VALUE"""),"AVAILABLE IN AGENCY") -> AVAILABLE IN AGENCY | M19: =IFERROR(__xludf.DUMMYFUNCTION("""COMPUTED_VALUE"""),"AVAILABLE") -> AVAILABLE | N19: =IFERROR(__xludf.DUMMYFUNCTION("""COMPUTED_VALUE"""),"-") -> -
B20: =IFERROR(__xludf.DUMMYFUNCTION("""COMPUTED_VALUE"""),46071.0) -> 46071 | D20: =IFERROR(__xludf.DUMMYFUNCTION("""COMPUTED_VALUE"""),"HANDPHONE") -> HANDPHONE | E20: =IFERROR(__xludf.DUMMYFUNCTION("""COMPUTED_VALUE"""),3.55851150217377E14) -> 355851150217377 | F20: =IFERROR(__xludf.DUMMYFUNCTION("""COMPUTED_VALUE"""),"G A17-5G 128GB BLUE") -> G A17-5G 128GB BLUE | G20: =IFERROR(__xludf.DUMMYFUNCTION("""COMPUTED_VALUE"""),"UNRETURN") -> UNRETURN | J20: =IFERROR(__xludf.DUMMYFUNCTION("""COMPUTED_VALUE"""),"OLIV") -> OLIV | L20: =IFERROR(__xludf.DUMMYFUNCTION("""COMPUTED_VALUE"""),"AVAILABLE IN AGENCY") -> AVAILABLE IN AGENCY | M20: =IFERROR(__xludf.DUMMYFUNCTION("""COMPUTED_VALUE"""),"LOANED / ON KOL") -> LOANED / ON KOL | N20: =IFERROR(__xludf.DUMMYFUNCTION("""COMPUTED_VALUE"""),"Mang Ucup") -> Mang Ucup
B21: =IFERROR(__xludf.DUMMYFUNCTION("""COMPUTED_VALUE"""),46071.0) -> 46071 | D21: =IFERROR(__xludf.DUMMYFUNCTION("""COMPUTED_VALUE"""),"TAB") -> TAB | F21: =IFERROR(__xludf.DUMMYFUNCTION("""COMPUTED_VALUE"""),"G-TAB-A11-KIDS") -> G-TAB-A11-KIDS | G21: =IFERROR(__xludf.DUMMYFUNCTION("""COMPUTED_VALUE"""),"UNRETURN") -> UNRETURN | L21: =IFERROR(__xludf.DUMMYFUNCTION("""COMPUTED_VALUE"""),"AVAILABLE IN AGENCY") -> AVAILABLE IN AGENCY | M21: =IFERROR(__xludf.DUMMYFUNCTION("""COMPUTED_VALUE"""),"AVAILABLE") -> AVAILABLE | N21: =IFERROR(__xludf.DUMMYFUNCTION("""COMPUTED_VALUE"""),"-") -> -
B22: =IFERROR(__xludf.DUMMYFUNCTION("""COMPUTED_VALUE"""),46071.0) -> 46071 | D22: =IFERROR(__xludf.DUMMYFUNCTION("""COMPUTED_VALUE"""),"TAB") -> TAB | F22: =IFERROR(__xludf.DUMMYFUNCTION("""COMPUTED_VALUE"""),"G-TAB-A11-KIDS") -> G-TAB-A11-KIDS | G22: =IFERROR(__xludf.DUMMYFUNCTION("""COMPUTED_VALUE"""),"UNRETURN") -> UNRETURN | L22: =IFERROR(__xludf.DUMMYFUNCTION("""COMPUTED_VALUE"""),"AVAILABLE IN AGENCY") -> AVAILABLE IN AGENCY | M22: =IFERROR(__xludf.DUMMYFUNCTION("""COMPUTED_VALUE"""),"AVAILABLE") -> AVAILABLE | N22: =IFERROR(__xludf.DUMMYFUNCTION("""COMPUTED_VALUE"""),"-") -> -
B23: =IFERROR(__xludf.DUMMYFUNCTION("""COMPUTED_VALUE"""),46071.0) -> 46071 | D23: =IFERROR(__xludf.DUMMYFUNCTION("""COMPUTED_VALUE"""),"TAB") -> TAB | F23: =IFERROR(__xludf.DUMMYFUNCTION("""COMPUTED_VALUE"""),"G-TAB-A11-KIDS") -> G-TAB-A11-KIDS | G23: =IFERROR(__xludf.DUMMYFUNCTION("""COMPUTED_VALUE"""),"UNRETURN") -> UNRETURN | L23: =IFERROR(__xludf.DUMMYFUNCTION("""COMPUTED_VALUE"""),"AVAILABLE IN AGENCY") -> AVAILABLE IN AGENCY | M23: =IFERROR(__xludf.DUMMYFUNCTION("""COMPUTED_VALUE"""),"AVAILABLE") -> AVAILABLE | N23: =IFERROR(__xludf.DUMMYFUNCTION("""COMPUTED_VALUE"""),"-") -> -
